BOARDID,TRADEDATE,SHORTNAME,SECID,NUMTRADES,VALUE,OPEN,LOW,HIGH,LEGALCLOSEPRICE,WAPRICE,CLOSE,VOLUME,MARKETPRICE2,MARKETPRICE3,ADMITTEDQUOTE,MP2VALTRD,MARKETPRICE3TRADESVALUE,ADMITTEDVALUE,WAVAL,TRADINGSESSION,CURRENCYID,TRENDCLSPR,TRADE_SESSION_DATE
TQBR,2014-06-09,јбрауƒюрсо,ABRD,32,586611,132.72,132.7,134.05,133.62,133.32,133.3,4400,133.32,133.32,133.32,586611,586611,586611,,3,SUR,-1.41,
TQBR,2014-06-10,јбрауƒюрсо,ABRD,9,145628,133.9,130.91,133.9,131.82,132.39,131.02,1100,133.13,133.18,133.13,732239,519414,732239,,3,SUR,-1.71,
TQBR,2014-06-11,јбрауƒюрсо,ABRD,42,937910,132.5,130.5,133.89,133.17,132.1,133.89,7100,132.1,132.1,132.1,937910,937910,937910,,3,SUR,2.19,
TQBR,2014-06-16,јбрауƒюрсо,ABRD,39,772449,133.7,132.17,133.86,132.17,133.18,132.17,5800,133.18,133.18,133.18,772449,772449,772449,,3,SUR,-1.28,
TQBR,2014-06-17,јбрауƒюрсо,ABRD,14,223421,131.88,131.11,131.88,131.11,131.42,131.11,1700,,132.17,,0,502260,0,,3,SUR,-0.8,
TQBR,2014-06-18,јбрауƒюрсо,ABRD,22,315092,131.12,130.82,132.5,131.0,131.29,131.0,2400,,131.33,,0,525325,0,,3,SUR,-0.08,
TQBR,2014-06-19,јбрауƒюрсо,ABRD,60,1081176,131.01,131.01,132.8,132.59,131.85,132.55,8200,131.85,131.85,131.85,1081176,1081176,1081176,,3,SUR,1.18,
TQBR,2014-06-20,јбрауƒюрсо,ABRD,26,447305,132.08,131.18,132.08,131.57,131.56,131.6,3400,,131.67,,0,500341,0,,3,SUR,-0.72,
TQBR,2014-06-23,јбрауƒюрсо,ABRD,4,92326,132.2,131.54,132.2,131.54,131.89,131.54,700,131.62,131.6,131.62,539631,513222,539631,,3,SUR,-0.05,
TQBR,2014-06-24,јбрауƒюрсо,ABRD,23,603771,131.79,130.85,133.22,132.98,131.25,133.22,4600,131.25,131.25,131.25,603771,603771,603771,,3,SUR,1.28,
TQBR,2014-06-25,јбрауƒюрсо,ABRD,10,225062,132.0,131.92,134.12,134.12,132.39,134.12,1700,,131.71,,0,513671,0,,3,SUR,0.68,
TQBR,2014-06-26,јбрауƒюрсо,ABRD,60,1103336,133.88,133.8,136.5,136.5,134.55,136.5,8200,134.55,134.55,134.55,1103336,1103336,1103336,,3,SUR,1.77,
TQBR,2014-06-27,јбрауƒюрсо,ABRD,53,1046543,135.3,135.22,136.59,135.51,135.91,135.5,7700,135.91,135.91,135.91,1046543,1046543,1046543,,3,SUR,-0.73,
TQBR,2014-06-30,јбрауƒюрсо,ABRD,66,1232888,135.82,135.78,138.55,135.97,136.99,135.88,9000,136.99,136.99,136.99,1232888,1232888,1232888,,3,SUR,0.28,
TQBR,2014-07-01,јбрауƒюрсо,ABRD,58,1121340,135.52,135.45,137.83,136.88,136.75,136.83,8200,136.75,136.75,136.75,1121340,1121340,1121340,,3,SUR,0.7,
TQBR,2014-07-02,јбрауƒюрсо,ABRD,32,632353,136.82,136.75,138.18,137.99,137.47,137.99,4600,137.47,137.47,137.47,632353,632353,632353,,3,SUR,0.85,
TQBR,2014-07-03,јбрауƒюрсо,ABRD,29,527844,138.37,138.29,139.23,138.87,138.91,138.9,3800,138.91,138.91,138.91,527844,527844,527844,,3,SUR,0.66,
TQBR,2014-07-04,јбрауƒюрсо,ABRD,69,1503417,138.7,138.15,140.32,138.86,139.21,139.19,10800,139.21,139.21,139.21,1503417,1503417,1503417,,3,SUR,0.21,
TQBR,2014-07-07,јбрауƒюрсо,ABRD,20,405719,139.2,139.13,141.7,141.54,139.9,141.54,2900,,139.71,,0,502961,0,,3,SUR,1.69,
TQBR,2014-07-08,јбрауƒюрсо,ABRD,36,854124,141.6,140.75,144.98,144.98,142.35,144.98,6000,142.35,142.35,142.35,854124,854124,854124,,3,SUR,2.43,
TQBR,2014-07-09,јбрауƒюрсо,ABRD,45,903798,142.7,142.7,144.26,143.0,143.46,143.0,6300,143.46,143.46,143.46,903798,903798,903798,,3,SUR,-1.37,
TQBR,2014-07-10,јбрауƒюрсо,ABRD,4,86079,143.13,143.13,143.8,143.8,143.47,143.8,600,143.46,143.52,143.46,989877,502322,989877,,3,SUR,0.56,
TQBR,2014-07-11,јбрауƒюрсо,ABRD,26,514878,143.5,142.54,143.66,143.3,143.02,143.3,3600,143.02,143.02,143.02,514878,514878,514878,,3,SUR,-0.35,
TQBR,2014-07-14,јбрауƒюрсо,ABRD,47,790722,143.07,143.07,144.43,143.41,143.77,143.41,5500,143.77,143.77,143.77,790722,790722,790722,,3,SUR,0.08,
TQBR,2014-07-15,јбрауƒюрсо,ABRD,6,114876,143.13,143.13,144.8,144.36,143.6,144.8,800,143.75,143.77,143.75,905598,503198,905598,,3,SUR,0.97,
TQBR,2014-07-16,јбрауƒюрсо,ABRD,40,851109,145.69,143.0,145.7,143.65,144.26,143.65,5900,144.26,144.26,144.26,851109,851109,851109,,3,SUR,-0.79,
TQBR,2014-07-17,јбрауƒюрсо,ABRD,4,57146,145.09,142.11,145.09,142.12,142.87,142.11,400,144.17,144.21,144.17,908255,504733,908255,,3,SUR,-1.07,
TQBR,2014-07-18,јбрауƒюрсо,ABRD,52,1003449,142.05,140.55,142.05,141.97,141.33,141.97,7100,141.33,141.33,141.33,1003449,1003449,1003449,,3,SUR,-0.1,
TQBR,2014-07-21,јбрауƒюрсо,ABRD,21,497569,138.8,135.65,138.8,135.65,138.21,135.65,3600,,138.41,,0,525963,0,,3,SUR,-4.45,
TQBR,2014-07-22,јбрауƒюрсо,ABRD,55,979201,137.29,137.22,138.53,137.47,137.92,137.22,7100,137.92,137.92,137.92,979201,979201,979201,,3,SUR,1.16,
TQBR,2014-07-23,јбрауƒюрсо,ABRD,52,1092898,137.73,137.64,139.1,137.75,138.34,137.71,7900,138.34,138.34,138.34,1092898,1092898,1092898,,3,SUR,0.36,
TQBR,2014-07-24,јбрауƒюрсо,ABRD,0,0,,,,137.75,,,0,138.34,138.31,138.34,1092898,511737,1092898,,3,SUR,,
TQBR,2014-07-25,јбрауƒюрсо,ABRD,56,1055199,137.71,135.51,137.71,135.51,137.04,135.51,7700,137.04,137.04,137.04,1055199,1055199,1055199,,3,SUR,-1.6,
TQBR,2014-07-28,јбрауƒюрсо,ABRD,46,847284,135.21,135.21,137.48,136.5,136.66,136.5,6200,136.66,136.66,136.66,847284,847284,847284,,3,SUR,0.73,
TQBR,2014-07-29,јбрауƒюрсо,ABRD,29,646119,136.9,135.12,139.1,139.1,137.47,139.1,4700,137.47,137.47,137.47,646119,646119,646119,,3,SUR,1.9,
TQBR,2014-07-30,јбрауƒюрсо,ABRD,51,1316322,135.51,135.5,139.3,136.65,137.12,136.64,9600,137.12,137.12,137.12,1316322,1316322,1316322,,3,SUR,-1.77,
TQBR,2014-07-31,јбрауƒюрсо,ABRD,3,902340,136.1,136.1,136.95,136.1,136.72,136.1,6600,136.95,136.79,136.95,2218662,998546,2218662,,3,SUR,-0.4,
TQBR,2014-08-01,јбрауƒюрсо,ABRD,22,625020,130.69,130.69,137.14,136.79,135.87,136.79,4600,135.87,135.87,135.87,625020,625020,625020,,3,SUR,0.51,
TQBR,2014-08-04,јбрауƒюрсо,ABRD,38,715199,136.92,136.85,138.14,137.53,137.54,137.53,5200,137.54,137.54,137.54,715199,715199,715199,,3,SUR,0.54,
TQBR,2014-08-05,јбрауƒюрсо,ABRD,12,206613,137.2,137.2,138.03,138.03,137.74,138.03,1500,,137.74,,0,509625,0,,3,SUR,0.36,
TQBR,2014-08-06,јбрауƒюрсо,ABRD,48,920238,137.98,136.52,137.99,137.96,137.35,137.95,6700,137.35,137.35,137.35,920238,920238,920238,,3,SUR,-0.06,
TQBR,2014-08-07,јбрауƒюрсо,ABRD,62,1105779,137.04,135.73,137.12,136.99,136.52,136.99,8100,136.52,136.52,136.52,1105779,1105779,1105779,,3,SUR,-0.7,
TQBR,2014-08-08,јбрауƒюрсо,ABRD,27,1212582,137.02,135.2,138.69,138.34,136.25,138.6,8900,136.25,136.25,136.25,1212582,1212582,1212582,,3,SUR,1.18,
TQBR,2014-08-11,јбрауƒюрсо,ABRD,27,3535572,139.5,128.75,139.5,138.89,137.04,138.89,25800,137.04,137.04,137.04,3535572,3535572,3535572,,3,SUR,0.21,
TQBR,2014-08-12,јбрауƒюрсо,ABRD,6,94496,135.0,134.99,135.0,135.0,134.99,135.0,700,136.98,136.37,136.98,3630068,927325,3630068,,3,SUR,-2.8,
TQBR,2014-08-13,јбрауƒюрсо,ABRD,56,1028616,134.59,132.14,140.2,140.07,135.34,140.07,7600,135.34,135.34,135.34,1028616,1028616,1028616,,3,SUR,3.76,
TQBR,2014-08-14,јбрауƒюрсо,ABRD,11,596411,140.0,137.9,140.39,138.0,138.7,138.0,4300,138.7,138.7,138.7,596411,596411,596411,,3,SUR,-1.48,
TQBR,2014-08-15,јбрауƒюрсо,ABRD,7,370775,138.0,137.2,138.0,138.0,137.32,138.0,2700,138.17,137.57,138.17,967186,577796,967186,,3,SUR,0.0,
TQBR,2014-08-18,јбрауƒюрсо,ABRD,43,795968,141.97,138.96,141.97,138.96,139.64,138.96,5700,139.64,139.64,139.64,795968,795968,795968,,3,SUR,0.7,
TQBR,2014-08-19,јбрауƒюрсо,ABRD,14,569443,139.05,138.57,139.69,139.69,138.89,139.69,4100,138.89,138.89,138.89,569443,569443,569443,,3,SUR,0.53,
TQBR,2014-08-20,јбрауƒюрсо,ABRD,20,375187,139.82,137.5,140.17,137.51,138.96,137.5,2700,,138.89,,0,500012,0,,3,SUR,-1.57,
TQBR,2014-08-21,јбрауƒюрсо,ABRD,10,275223,137.1,137.0,137.9,137.0,137.61,137.0,2000,,138.07,,0,510854,0,,3,SUR,-0.36,
TQBR,2014-08-22,јбрауƒюрсо,ABRD,10,175911,136.0,133.9,137.0,133.93,135.32,133.9,1300,,136.79,,0,506139,0,,3,SUR,-2.26,
TQBR,2014-08-25,јбрауƒюрсо,ABRD,13,903656,135.3,130.21,135.3,133.64,132.89,134.03,6800,132.89,132.89,132.89,903656,903656,903656,,3,SUR,0.1,
TQBR,2014-08-26,јбрауƒюрсо,ABRD,35,1457113,130.21,128.1,134.06,128.31,130.1,131.77,11200,130.1,130.1,130.1,1457113,1457113,1457113,,3,SUR,-1.69,
TQBR,2014-08-27,јбрауƒюрсо,ABRD,31,1407294,131.19,119.4,131.19,120.0,125.65,120.0,11200,125.65,125.65,125.65,1407294,1407294,1407294,,3,SUR,-8.93,
TQBR,2014-08-28,јбрауƒюрсо,ABRD,5,95910,122.6,118.1,122.6,118.1,119.89,118.1,800,125.27,120.06,125.27,1503204,504235,1503204,,3,SUR,-1.58,
TQBR,2014-08-29,јбрауƒюрсо,ABRD,21,598670,119.6,119.6,127.13,127.13,124.72,127.13,4800,124.72,124.72,124.72,598670,598670,598670,,3,SUR,7.65,
TQBR,2014-09-01,јбрауƒюрсо,ABRD,58,2788371,123.9,110.9,123.9,114.9,118.15,114.9,23600,118.15,118.15,118.15,2788371,2788371,2788371,,3,SUR,-9.62,
TQBR,2014-09-02,јбрауƒюрсо,ABRD,6,262602,116.0,114.0,116.0,114.0,114.17,114.0,2300,117.8,113.34,117.8,3050973,510017,3050973,,3,SUR,-0.78,
TQBR,2014-09-03,јбрауƒюрсо,ABRD,4,45651,114.18,114.0,114.18,114.0,114.13,114.0,400,,113.42,,0,533088,0,,3,SUR,0.0,
TQBR,2014-09-04,јбрауƒюрсо,ABRD,20,1290161,114.1,103.69,114.1,105.96,105.75,105.2,12200,105.75,105.75,105.75,1290161,1290161,1290161,,3,SUR,-7.72,
TQBR,2014-09-05,јбрауƒюрсо,ABRD,12,1708810,103.0,101.01,105.2,105.09,103.56,105.09,16500,103.56,103.56,103.56,1708810,1708810,1708810,,3,SUR,-0.1,
TQBR,2014-09-08,јбрауƒюрсо,ABRD,5,51215,110.1,100.01,110.1,102.0,102.43,102.0,500,103.53,104.29,103.53,1760025,730025,1760025,,3,SUR,-2.94,
TQBR,2014-09-09,јбрауƒюрсо,ABRD,19,202946,101.0,94.0,103.0,97.0,96.64,97.0,2100,,102.52,,0,932971,0,,3,SUR,-4.9,
TQBR,2014-09-10,јбрауƒюрсо,ABRD,3,30705,99.16,99.16,104.99,104.99,102.35,104.99,300,,102.52,,0,963676,0,,3,SUR,8.24,
TQBR,2014-09-11,јбрауƒюрсо,ABRD,16,536840,107.0,106.5,114.09,114.05,109.56,114.09,4900,109.56,109.56,109.56,536840,536840,536840,,3,SUR,8.67,
TQBR,2014-09-12,јбрауƒюрсо,ABRD,14,205704,130.99,114.46,139.39,117.2,121.0,117.2,1700,,113.59,,0,624744,0,,3,SUR,2.73,
TQBR,2014-09-15,јбрауƒюрсо,ABRD,1,12298,122.98,122.98,122.98,122.98,122.98,122.98,100,,113.76,,0,637042,0,,3,SUR,4.93,
TQBR,2014-09-16,јбрауƒюрсо,ABRD,0,0,,,,122.98,,,0,,113.76,,0,637042,0,,3,SUR,,
TQBR,2014-09-17,јбрауƒюрсо,ABRD,4,609915,115.15,115.0,118.99,115.08,115.08,118.99,5300,113.73,115.77,113.73,1364757,706202,1364757,,3,SUR,-3.24,
TQBR,2014-09-18,јбрауƒюрсо,ABRD,21,401099,123.9,115.0,132.49,115.0,125.34,115.0,3200,,119.04,,0,987998,0,,3,SUR,-3.35,
TQBR,2014-09-19,јбрауƒюрсо,ABRD,8,253511,115.02,115.0,119.97,115.0,115.23,115.0,2200,121.22,120.3,121.22,654610,541330,654610,,3,SUR,0.0,
TQBR,2014-09-22,јбрауƒюрсо,ABRD,7,83004,126.98,115.0,126.98,115.61,118.58,115.0,700,,118.26,,0,520334,0,,3,SUR,0.0,
TQBR,2014-09-23,јбрауƒюрсо,ABRD,8,178399,118.99,115.0,124.97,115.01,118.93,115.0,1500,,116.98,,0,503015,0,,3,SUR,0.0,
TQBR,2014-09-24,јбрауƒюрсо,ABRD,48,907569,115.4,110.0,135.5,126.4,119.42,126.0,7600,119.42,119.42,119.42,907569,907569,907569,,3,SUR,9.57,
TQBR,2014-09-25,јбрауƒюрсо,ABRD,16,232174,115.51,115.02,133.99,117.0,122.2,117.0,1900,,122.41,,0,563091,0,,3,SUR,-7.14,
TQBR,2014-09-26,јбрауƒюрсо,ABRD,12,145686,115.52,115.51,124.78,120.61,121.41,120.61,1200,,123.11,,0,504760,0,,3,SUR,3.09,
TQBR,2014-09-29,јбрауƒюрсо,ABRD,12,220483,124.99,120.0,135.19,120.02,122.49,120.0,1800,,122.09,,0,500570,0,,3,SUR,-0.51,
TQBR,2014-09-30,јбрауƒюрсо,ABRD,20,705091,120.0,114.0,120.0,115.01,115.59,115.01,6100,115.59,115.59,115.59,705091,705091,705091,,3,SUR,-4.16,
TQBR,2014-10-01,јбрауƒюрсо,ABRD,9,177050,113.0,113.0,120.0,118.5,118.0,120.0,1500,116.0,116.0,116.0,882141,812479,882141,,3,SUR,4.34,
TQBR,2014-10-02,јбрауƒюрсо,ABRD,3,34550,115.5,115.0,115.5,115.0,115.0,115.0,300,,116.0,,0,847029,0,,3,SUR,-4.17,
TQBR,2014-10-03,јбрауƒюрсо,ABRD,6,70100,118.5,115.0,119.0,115.0,117.0,115.0,600,,116.0,,0,917129,0,,3,SUR,0.0,
TQBR,2014-10-06,јбрауƒюрсо,ABRD,4,60800,119.5,119.5,123.0,121.5,121.5,123.0,500,,117.5,,0,505229,0,,3,SUR,6.96,
TQBR,2014-10-07,јбрауƒюрсо,ABRD,3,603250,116.5,116.0,116.5,116.0,116.0,116.0,5200,116.5,116.5,116.5,734150,698550,734150,,3,SUR,-5.69,
TQBR,2014-10-08,јбрауƒюрсо,ABRD,2,57500,115.0,115.0,115.0,115.0,115.0,115.0,500,116.5,116.5,116.5,826200,733050,826200,,3,SUR,-0.86,
TQBR,2014-10-09,јбрауƒюрсо,ABRD,7,79550,115.5,111.5,115.5,115.0,113.5,115.0,700,115.5,115.5,115.5,740300,728650,740300,,3,SUR,0.0,
TQBR,2014-10-10,јбрауƒюрсо,ABRD,7,183100,105.5,105.5,119.0,111.0,114.5,111.0,1600,,115.5,,0,911750,0,,3,SUR,-3.48,
TQBR,2014-10-13,јбрауƒюрсо,ABRD,13,239200,112.5,111.0,116.0,114.5,114.0,116.0,2100,,114.0,,0,501850,0,,3,SUR,4.5,
TQBR,2014-10-14,јбрауƒюрсо,ABRD,19,628950,115.0,114.5,125.0,116.5,116.5,125.0,5400,116.5,116.5,116.5,628950,628950,628950,,3,SUR,7.76,
TQBR,2014-10-15,јбрауƒюрсо,ABRD,10,265250,115.0,115.0,116.0,116.0,115.5,115.5,2300,,117.0,,0,514500,0,,3,SUR,-7.6,
TQBR,2014-10-16,јбрауƒюрсо,ABRD,14,646050,111.0,111.0,118.0,113.5,115.5,113.0,5600,115.5,115.5,115.5,646050,646050,646050,,3,SUR,-2.16,
TQBR,2014-10-17,јбрауƒюрсо,ABRD,4,618850,112.5,112.5,113.0,113.0,112.5,113.0,5500,114.0,113.0,114.0,1264900,699150,1264900,,3,SUR,0.0,
TQBR,2014-10-20,јбрауƒюрсо,ABRD,4,78500,112.5,112.0,112.5,112.0,112.0,112.0,700,114.0,112.5,114.0,1343400,720050,1343400,,3,SUR,-0.88,
TQBR,2014-10-21,јбрауƒюрсо,ABRD,1,22200,111.0,111.0,111.0,111.0,111.0,111.0,200,114.0,112.5,114.0,1630850,730850,1630850,,3,SUR,-0.89,
TQBR,2014-10-22,јбрауƒюрсо,ABRD,0,0,,,,111.0,,,0,114.0,112.5,114.0,1365600,730850,1365600,,3,SUR,,
TQBR,2014-10-23,јбрауƒюрсо,ABRD,0,0,,,,111.0,,,0,114.5,112.5,114.5,2682100,730850,2682100,,3,SUR,,
TQBR,2014-10-24,јбрауƒюрсо,ABRD,4,110800,110.5,110.5,111.0,111.0,111.0,111.0,1000,114.5,112.0,114.5,2609800,830350,2609800,,3,SUR,0.0,
TQBR,2014-10-27,јбрауƒюрсо,ABRD,1,11150,111.5,111.5,111.5,111.5,111.5,111.5,100,114.5,112.0,114.5,2381750,841500,2381750,,3,SUR,0.45,
TQBR,2014-10-28,јбрауƒюрсо,ABRD,3,33300,111.0,111.0,111.0,111.0,111.0,111.0,300,114.0,112.0,114.0,1786100,874800,1786100,,3,SUR,-0.45,
TQBR,2014-10-29,јбрауƒюрсо,ABRD,20,688350,112.5,112.0,113.5,112.5,113.0,112.5,6100,113.0,113.0,113.0,688350,688350,688350,,3,SUR,1.35,
TQBR,2014-10-30,јбрауƒюрсо,ABRD,7,486950,113.0,112.5,114.0,114.0,113.0,114.0,4300,113.0,113.0,113.0,1175300,577550,1175300,,3,SUR,1.33,
TQBR,2014-10-31,јбрауƒюрсо,ABRD,8,810500,113.0,111.0,113.0,111.0,112.5,111.0,7200,113.0,113.0,113.0,1297450,1038250,1297450,,3,SUR,-2.63,
TQBR,2014-11-03,јбрауƒюрсо,ABRD,1,11150,111.5,111.5,111.5,111.5,111.5,111.5,100,113.0,113.0,113.0,1308600,992650,1308600,,3,SUR,0.45,
TQBR,2014-11-05,јбрауƒюрсо,ABRD,4,583150,111.0,109.5,111.0,109.5,110.0,109.5,5300,111.5,110.5,111.5,1404800,817500,1404800,,3,SUR,-1.79,
TQBR,2014-11-06,јбрауƒюрсо,ABRD,4,121000,108.5,108.0,111.0,111.0,110.0,111.0,1100,112.0,110.0,112.0,2012750,726400,2012750,,3,SUR,1.37,
TQBR,2014-11-07,јбрауƒюрсо,ABRD,0,0,,,,111.0,,,0,111.5,110.0,111.5,1525800,726400,1525800,,3,SUR,,
TQBR,2014-11-10,јбрауƒюрсо,ABRD,3,64850,108.0,108.0,108.5,108.5,108.0,108.5,600,110.0,110.0,110.0,780150,757900,780150,,3,SUR,-2.25,
TQBR,2014-11-11,јбрауƒюрсо,ABRD,2,21750,109.0,108.5,109.0,108.5,109.0,108.5,200,110.0,110.0,110.0,790750,768550,790750,,3,SUR,0.0,
TQBR,2014-11-12,јбрауƒюрсо,ABRD,3,32650,109.5,108.5,109.5,108.5,109.0,108.5,300,,110.0,,0,801200,0,,3,SUR,0.0,
TQBR,2014-11-13,јбрауƒюрсо,ABRD,6,670450,108.0,106.0,108.0,106.0,106.5,106.0,6300,106.5,106.5,106.5,724850,713950,724850,,3,SUR,-2.3,
TQBR,2014-11-14,јбрауƒюрсо,ABRD,5,714900,106.0,102.0,106.0,102.5,105.0,102.0,6800,106.0,105.5,106.0,1385350,1374550,1385350,,3,SUR,-3.77,
TQBR,2014-11-17,јбрауƒюрсо,ABRD,2,20600,103.0,103.0,103.0,103.0,103.0,103.0,200,105.5,105.5,105.5,1405950,1265550,1405950,,3,SUR,0.98,
TQBR,2014-11-18,јбрауƒюрсо,ABRD,7,115200,103.0,103.0,107.0,107.0,104.5,107.0,1100,105.0,105.0,105.0,850700,829500,850700,,3,SUR,3.88,
TQBR,2014-11-19,јбрауƒюрсо,ABRD,1,10700,107.0,107.0,107.0,107.0,107.0,107.0,100,,105.0,,0,840200,0,,3,SUR,0.0,
TQBR,2014-11-20,јбрауƒюрсо,ABRD,0,0,,,,107.0,,,0,105.0,105.0,105.0,861400,840200,861400,,3,SUR,,
TQBR,2014-11-21,јбрауƒюрсо,ABRD,0,0,,,,107.0,,,0,,105.0,,0,840200,0,,3,SUR,,
TQBR,2014-11-24,јбрауƒюрсо,ABRD,1,10700,107.0,107.0,107.0,107.0,107.0,107.0,100,106.0,105.0,106.0,1596950,850900,1596950,,3,SUR,0.0,
TQBR,2014-11-25,јбрауƒюрсо,ABRD,0,0,,,,107.0,,,0,105.5,105.0,105.5,1575200,850900,1575200,,3,SUR,,
TQBR,2014-11-26,јбрауƒюрсо,ABRD,0,0,,,,107.0,,,0,105.5,105.0,105.5,1542550,850900,1542550,,3,SUR,,
TQBR,2014-11-27,јбрауƒюрсо,ABRD,1,10850,108.5,108.5,108.5,108.5,108.5,108.5,100,105.0,105.0,105.0,882950,861750,882950,,3,SUR,1.4,
TQBR,2014-11-28,јбрауƒюрсо,ABRD,0,0,,,,108.5,,,0,,105.0,,0,861750,0,,3,SUR,,
TQBR,2014-12-01,јбрауƒюрсо,ABRD,0,0,,,,108.5,,,0,,105.0,,0,861750,0,,3,SUR,,
TQBR,2014-12-02,јбрауƒюрсо,ABRD,2,31600,104.5,104.5,107.0,105.5,105.5,107.0,300,,105.0,,0,893350,0,,3,SUR,-1.38,
TQBR,2014-12-03,јбрауƒюрсо,ABRD,1,10650,106.5,106.5,106.5,106.5,106.5,106.5,100,,105.0,,0,904000,0,,3,SUR,-0.47,
TQBR,2014-12-04,јбрауƒюрсо,ABRD,0,0,,,,106.5,,,0,,105.0,,0,904000,0,,3,SUR,,
TQBR,2014-12-05,јбрауƒюрсо,ABRD,0,0,,,,106.5,,,0,,105.0,,0,904000,0,,3,SUR,,
TQBR,2014-12-08,јбрауƒюрсо,ABRD,14,2636400,103.0,90.0,103.0,97.0,101.0,97.0,26100,101.0,101.0,101.0,2636400,2636400,2636400,,3,SUR,-8.92,
TQBR,2014-12-09,јбрауƒюрсо,ABRD,4,3809200,95.0,92.0,95.0,95.0,95.0,95.0,40100,97.5,95.0,97.5,6445600,3874900,6445600,,3,SUR,-2.06,
TQBR,2014-12-10,јбрауƒюрсо,ABRD,4,105100,100.0,95.0,100.0,95.0,95.5,95.0,1100,97.5,95.0,97.5,6550700,3933700,6550700,,3,SUR,0.0,
TQBR,2014-12-11,јбрауƒюрсо,ABRD,4,95600,95.5,95.0,100.0,95.0,95.5,95.0,1000,95.0,95.0,95.0,4009900,2100700,4009900,,3,SUR,0.0,
TQBR,2014-12-12,јбрауƒюрсо,ABRD,2,19800,99.0,99.0,99.0,99.0,99.0,99.0,200,,95.0,,0,1170500,0,,3,SUR,4.21,
TQBR,2014-12-15,јбрауƒюрсо,ABRD,3,123550,95.5,95.0,95.5,95.0,95.0,95.0,1300,95.0,95.0,95.0,4153250,1294050,4153250,,3,SUR,-4.04,
TQBR,2014-12-16,јбрауƒюрсо,ABRD,6,209050,95.0,95.0,95.5,95.0,95.0,95.0,2200,,95.5,,0,524000,0,,3,SUR,0.0,
TQBR,2014-12-17,јбрауƒюрсо,ABRD,1,10500,105.0,105.0,105.0,105.0,105.0,105.0,100,,95.5,,0,534500,0,,3,SUR,10.53,
TQBR,2014-12-18,јбрауƒюрсо,ABRD,9,106500,98.5,95.0,100.0,95.5,97.0,95.5,1100,,95.5,,0,535900,0,,3,SUR,-9.05,
TQBR,2014-12-19,јбрауƒюрсо,ABRD,2,28550,95.5,95.0,95.5,95.0,95.0,95.0,300,,95.5,,0,564450,0,,3,SUR,-0.52,
TQBR,2014-12-22,јбрауƒюрсо,ABRD,1,10000,100.0,100.0,100.0,100.0,100.0,100.0,100,,96.0,,0,507950,0,,3,SUR,5.26,
TQBR,2014-12-23,јбрауƒюрсо,ABRD,0,0,,,,100.0,,,0,,96.0,,0,507950,0,,3,SUR,,
TQBR,2014-12-24,јбрауƒюрсо,ABRD,0,0,,,,100.0,,,0,,96.0,,0,507950,0,,3,SUR,,
TQBR,2014-12-25,јбрауƒюрсо,ABRD,0,0,,,,100.0,,,0,96.0,96.0,96.0,507950,507950,507950,,3,SUR,,
TQBR,2014-12-26,јбрауƒюрсо,ABRD,1,9600,96.0,96.0,96.0,96.0,96.0,96.0,100,,96.0,,0,507650,0,,3,SUR,-4.0,
TQBR,2014-12-29,јбрауƒюрсо,ABRD,2,28500,95.0,95.0,95.0,95.0,95.0,95.0,300,,95.5,,0,516700,0,,3,SUR,-1.04,
TQBR,2014-12-30,јбрауƒюрсо,ABRD,2,47250,94.5,94.5,94.5,94.5,94.5,94.5,500,,95.5,,0,563950,0,,3,SUR,-0.53,
TQBR,2015-01-05,јбрауƒюрсо,ABRD,0,0,,,,94.5,,,0,,95.5,,0,563950,0,,3,SUR,,
TQBR,2015-01-06,јбрауƒюрсо,ABRD,0,0,,,,94.5,,,0,,95.5,,0,563950,0,,3,SUR,,
TQBR,2015-01-08,јбрауƒюрсо,ABRD,1,9900,99.0,99.0,99.0,99.0,99.0,99.0,100,,95.5,,0,573850,0,,3,SUR,4.76,
TQBR,2015-01-09,јбрауƒюрсо,ABRD,1,9000,90.0,90.0,90.0,90.0,90.0,90.0,100,,95.5,,0,582850,0,,3,SUR,-9.09,
TQBR,2015-01-12,јбрауƒюрсо,ABRD,2,17800,88.0,88.0,90.0,90.0,89.0,90.0,200,,95.5,,0,505650,0,,3,SUR,0.0,
TQBR,2015-01-13,јбрауƒюрсо,ABRD,2,27600,95.0,90.5,95.0,90.5,92.0,90.5,300,,95.0,,0,504750,0,,3,SUR,0.56,
TQBR,2015-01-14,јбрауƒюрсо,ABRD,9,111850,99.5,90.0,99.5,91.0,93.0,90.0,1200,,95.0,,0,512050,0,,3,SUR,-0.55,
TQBR,2015-01-15,јбрауƒюрсо,ABRD,9,91350,90.0,88.0,94.5,94.5,91.5,94.5,1000,,94.0,,0,508400,0,,3,SUR,5.0,
TQBR,2015-01-16,јбрауƒюрсо,ABRD,0,0,,,,94.5,,,0,,94.0,,0,508400,0,,3,SUR,,
TQBR,2015-01-19,јбрауƒюрсо,ABRD,1,9850,98.5,98.5,98.5,98.5,98.5,98.5,100,,94.0,,0,507750,0,,3,SUR,4.23,
TQBR,2015-01-20,јбрауƒюрсо,ABRD,3,29350,97.5,97.5,98.0,98.0,98.0,98.0,300,,94.0,,0,507650,0,,3,SUR,-0.51,
TQBR,2015-01-21,јбрауƒюрсо,ABRD,0,0,,,,98.0,,,0,,94.0,,0,507650,0,,3,SUR,,
TQBR,2015-01-22,јбрауƒюрсо,ABRD,2,28300,96.0,91.0,96.0,94.5,94.5,91.0,300,,94.0,,0,506650,0,,3,SUR,-7.14,
TQBR,2015-01-23,јбрауƒюрсо,ABRD,1,9900,99.0,99.0,99.0,99.0,99.0,99.0,100,,94.0,,0,507000,0,,3,SUR,8.79,
TQBR,2015-01-26,јбрауƒюрсо,ABRD,5,79200,97.5,97.5,105.0,105.0,99.0,105.0,800,,94.5,,0,509450,0,,3,SUR,6.06,
TQBR,2015-01-27,јбрауƒюрсо,ABRD,1,9200,92.0,92.0,92.0,92.0,92.0,92.0,100,,94.5,,0,509050,0,,3,SUR,-12.38,
TQBR,2015-01-28,јбрауƒюрсо,ABRD,0,0,,,,92.0,,,0,,94.5,,0,509050,0,,3,SUR,,
TQBR,2015-01-29,јбрауƒюрсо,ABRD,1,9300,93.0,93.0,93.0,93.0,93.0,93.0,100,,94.0,,0,508850,0,,3,SUR,1.09,
TQBR,2015-01-30,јбрауƒюрсо,ABRD,0,0,,,,93.0,,,0,,94.0,,0,508850,0,,3,SUR,,
TQBR,2015-02-02,јбрауƒюрсо,ABRD,0,0,,,,93.0,,,0,,94.0,,0,508850,0,,3,SUR,,
TQBR,2015-02-03,јбрауƒюрсо,ABRD,0,0,,,,93.0,,,0,,94.0,,0,508850,0,,3,SUR,,
TQBR,2015-02-04,јбрауƒюрсо,ABRD,0,0,,,,93.0,,,0,,94.0,,0,508850,0,,3,SUR,,
TQBR,2015-02-05,јбрауƒюрсо,ABRD,0,0,,,,93.0,,,0,,94.0,,0,508850,0,,3,SUR,,
TQBR,2015-02-06,јбрауƒюрсо,ABRD,0,0,,,,93.0,,,0,,94.0,,0,508850,0,,3,SUR,,
TQBR,2015-02-09,јбрауƒюрсо,ABRD,1,10500,105.0,105.0,105.0,105.0,105.0,105.0,100,,94.5,,0,500350,0,,3,SUR,12.9,
TQBR,2015-02-10,јбрауƒюрсо,ABRD,0,0,,,,105.0,,,0,,94.5,,0,500350,0,,3,SUR,,
TQBR,2015-02-11,јбрауƒюрсо,ABRD,11,506050,105.0,99.0,107.0,100.0,105.5,100.0,4800,105.5,105.5,105.5,506050,506050,506050,,3,SUR,-4.76,
TQBR,2015-02-12,јбрауƒюрсо,ABRD,3,30150,100.0,97.0,104.5,104.5,100.5,104.5,300,105.0,105.0,105.0,536200,536200,536200,,3,SUR,4.5,
TQBR,2015-02-13,јбрауƒюрсо,ABRD,5,170200,105.0,105.0,111.0,110.0,106.5,110.0,1600,105.5,105.5,105.5,706400,601250,706400,,3,SUR,5.26,
TQBR,2015-02-16,јбрауƒюрсо,ABRD,0,0,,,,110.0,,,0,105.5,105.5,105.5,706400,601250,706400,,3,SUR,,
TQBR,2015-02-17,јбрауƒюрсо,ABRD,3,40500,102.0,101.0,102.0,101.5,101.5,101.0,400,105.0,105.0,105.0,746900,534750,746900,,3,SUR,-8.18,
TQBR,2015-02-18,јбрауƒюрсо,ABRD,0,0,,,,101.5,,,0,,105.0,,0,534750,0,,3,SUR,,
TQBR,2015-02-19,јбрауƒюрсо,ABRD,4,233300,106.0,106.0,107.0,107.0,106.0,107.0,2200,,105.0,,0,504150,0,,3,SUR,5.94,
TQBR,2015-02-20,јбрауƒюрсо,ABRD,3,30900,97.0,97.0,108.0,108.0,103.0,108.0,300,,105.0,,0,505050,0,,3,SUR,0.93,
TQBR,2015-02-24,јбрауƒюрсо,ABRD,0,0,,,,108.0,,,0,,105.0,,0,505050,0,,3,SUR,,
TQBR,2015-02-25,јбрауƒюрсо,ABRD,0,0,,,,108.0,,,0,105.5,105.0,105.5,1011100,505050,1011100,,3,SUR,,
TQBR,2015-02-26,јбрауƒюрсо,ABRD,1,9800,98.0,98.0,98.0,98.0,98.0,98.0,100,105.0,105.0,105.0,514850,504850,514850,,3,SUR,-9.26,
TQBR,2015-02-27,јбрауƒюрсо,ABRD,1,10050,100.5,100.5,100.5,100.5,100.5,100.5,100,,105.5,,0,505200,0,,3,SUR,2.55,
TQBR,2015-03-02,јбрауƒюрсо,ABRD,0,0,,,,100.5,,,0,,105.5,,0,505200,0,,3,SUR,,
TQBR,2015-03-03,јбрауƒюрсо,ABRD,1,29550,98.5,98.5,98.5,98.5,98.5,98.5,300,,105.0,,0,524300,0,,3,SUR,-1.99,
TQBR,2015-03-04,јбрауƒюрсо,ABRD,1,10000,100.0,100.0,100.0,100.0,100.0,100.0,100,,105.0,,0,534300,0,,3,SUR,1.52,
TQBR,2015-03-05,јбрауƒюрсо,ABRD,1,10000,100.0,100.0,100.0,100.0,100.0,100.0,100,,104.5,,0,544300,0,,3,SUR,0.0,
TQBR,2015-03-06,јбрауƒюрсо,ABRD,2,21200,106.0,106.0,106.0,106.0,106.0,106.0,200,,104.5,,0,565500,0,,3,SUR,6.0,
TQBR,2015-03-10,јбрауƒюрсо,ABRD,0,0,,,,106.0,,,0,,104.5,,0,565500,0,,3,SUR,,
TQBR,2015-03-11,јбрауƒюрсо,ABRD,2,42700,107.0,106.0,107.0,106.0,107.0,106.0,400,,105.0,,0,502900,0,,3,SUR,0.0,
TQBR,2015-03-12,јбрауƒюрсо,ABRD,3,30150,100.5,100.5,100.5,100.5,100.5,100.5,300,,104.5,,0,533050,0,,3,SUR,-5.19,
TQBR,2015-03-13,јбрауƒюрсо,ABRD,4,40600,100.0,100.0,106.0,100.0,101.5,100.0,400,,104.0,,0,508750,0,,3,SUR,-0.5,
TQBR,2015-03-16,јбрауƒюрсо,ABRD,0,0,,,,100.0,,,0,,104.0,,0,508750,0,,3,SUR,,
TQBR,2015-03-17,јбрауƒюрсо,ABRD,6,144350,105.5,99.0,107.0,99.0,103.0,99.0,1400,,104.0,,0,602000,0,,3,SUR,-1.0,
TQBR,2015-03-18,јбрауƒюрсо,ABRD,0,0,,,,99.0,,,0,,104.0,,0,602000,0,,3,SUR,,
TQBR,2015-03-19,јбрауƒюрсо,ABRD,1,10600,106.0,106.0,106.0,106.0,106.0,106.0,100,,104.0,,0,612600,0,,3,SUR,7.07,
TQBR,2015-03-20,јбрауƒюрсо,ABRD,0,0,,,,106.0,,,0,,104.0,,0,612600,0,,3,SUR,,
TQBR,2015-03-23,јбрауƒюрсо,ABRD,1,10650,106.5,106.5,106.5,106.5,106.5,106.5,100,,104.0,,0,623250,0,,3,SUR,0.47,
TQBR,2015-03-24,јбрауƒюрсо,ABRD,10,109950,98.5,85.5,98.5,94.0,91.5,94.0,1200,,100.0,,0,500800,0,,3,SUR,-11.74,
TQBR,2015-03-25,јбрауƒюрсо,ABRD,3,29100,98.0,93.5,99.5,96.5,97.0,93.5,300,,99.5,,0,508700,0,,3,SUR,-0.53,
TQBR,2015-03-26,јбрауƒюрсо,ABRD,2,18800,95.5,92.5,95.5,94.0,94.0,92.5,200,,99.5,,0,507650,0,,3,SUR,-1.07,
TQBR,2015-03-27,јбрауƒюрсо,ABRD,2,18600,91.0,91.0,95.0,95.0,93.0,95.0,200,,99.5,,0,526250,0,,3,SUR,2.7,
TQBR,2015-03-30,јбрауƒюрсо,ABRD,1,8950,89.5,89.5,89.5,89.5,89.5,89.5,100,,99.0,,0,505650,0,,3,SUR,-5.79,
TQBR,2015-03-31,јбрауƒюрсо,ABRD,1,19800,99.0,99.0,99.0,99.0,99.0,99.0,200,,99.0,,0,505450,0,,3,SUR,10.61,
TQBR,2015-04-01,јбрауƒюрсо,ABRD,0,0,,,,99.0,,,0,,99.0,,0,505450,0,,3,SUR,,
TQBR,2015-04-02,јбрауƒюрсо,ABRD,0,0,,,,99.0,,,0,,99.0,,0,505450,0,,3,SUR,,
TQBR,2015-04-03,јбрауƒюрсо,ABRD,0,0,,,,99.0,,,0,,99.0,,0,505450,0,,3,SUR,,
TQBR,2015-04-06,јбрауƒюрсо,ABRD,13,164150,90.5,90.0,94.0,94.0,91.0,94.0,1800,,95.0,,0,503200,0,,3,SUR,-5.05,
TQBR,2015-04-07,јбрауƒюрсо,ABRD,1,9500,95.0,95.0,95.0,95.0,95.0,95.0,100,,95.0,,0,512700,0,,3,SUR,1.06,
TQBR,2015-04-08,јбрауƒюрсо,ABRD,2,27300,91.0,91.0,91.0,91.0,91.0,91.0,300,,94.5,,0,540000,0,,3,SUR,-4.21,
TQBR,2015-04-09,јбрауƒюрсо,ABRD,2,706050,90.5,90.5,91.0,91.0,90.5,91.0,7800,90.5,90.5,90.5,907000,798350,907000,,3,SUR,0.0,
TQBR,2015-04-10,јбрауƒюрсо,ABRD,2,17900,89.0,89.0,90.0,89.5,89.5,90.0,200,90.5,90.5,90.5,924900,797850,924900,,3,SUR,-1.1,
TQBR,2015-04-13,јбрауƒюрсо,ABRD,1,9550,95.5,95.5,95.5,95.5,95.5,95.5,100,91.0,90.5,91.0,954250,798200,954250,,3,SUR,6.11,
TQBR,2015-04-14,јбрауƒюрсо,ABRD,3,28450,95.0,94.5,95.0,95.0,95.0,95.0,300,90.5,90.5,90.5,789250,789250,789250,,3,SUR,-0.52,
TQBR,2015-04-15,јбрауƒюрсо,ABRD,0,0,,,,95.0,,,0,91.0,90.5,91.0,962900,789250,962900,,3,SUR,,
TQBR,2015-04-16,јбрауƒюрсо,ABRD,0,0,,,,95.0,,,0,91.0,90.5,91.0,962900,789250,962900,,3,SUR,,
TQBR,2015-04-17,јбрауƒюрсо,ABRD,0,0,,,,95.0,,,0,91.0,90.5,91.0,962900,789250,962900,,3,SUR,,
TQBR,2015-04-20,јбрауƒюрсо,ABRD,1,9500,95.0,95.0,95.0,95.0,95.0,95.0,100,91.0,91.0,91.0,808250,780550,808250,,3,SUR,0.0,
TQBR,2015-04-21,јбрауƒюрсо,ABRD,37,529600,89.0,80.0,89.0,86.0,84.0,86.0,6300,84.0,84.0,84.0,529600,529600,529600,,3,SUR,-9.47,
TQBR,2015-04-22,јбрауƒюрсо,ABRD,9,84000,82.5,82.5,89.5,83.5,84.0,82.5,1000,84.0,83.5,84.0,613600,508000,613600,,3,SUR,-4.07,
TQBR,2015-04-23,јбрауƒюрсо,ABRD,39,523350,82.0,81.0,94.0,82.5,86.0,82.0,6100,86.0,86.0,86.0,523350,523350,523350,,3,SUR,-0.61,
TQBR,2015-04-24,јбрауƒюрсо,ABRD,6,48700,82.5,80.0,82.5,80.0,81.0,80.0,600,85.5,85.5,85.5,572050,505500,572050,,3,SUR,-2.44,
TQBR,2015-04-27,јбрауƒюрсо,ABRD,1,8450,84.5,84.5,84.5,84.5,84.5,84.5,100,85.5,85.5,85.5,580500,505350,580500,,3,SUR,5.63,
TQBR,2015-04-28,јбрауƒюрсо,ABRD,3,48950,82.0,81.5,82.0,81.5,81.5,81.5,600,,85.0,,0,502300,0,,3,SUR,-3.55,
TQBR,2015-04-29,јбрауƒюрсо,ABRD,0,0,,,,81.5,,,0,85.0,85.0,85.0,629450,502300,629450,,3,SUR,,
TQBR,2015-04-30,јбрауƒюрсо,ABRD,1,8350,83.5,83.5,83.5,83.5,83.5,83.5,100,,85.0,,0,510650,0,,3,SUR,2.45,
TQBR,2015-05-05,јбрауƒюрсо,ABRD,14,138050,85.0,80.0,85.0,80.0,81.0,80.0,1700,,84.0,,0,587050,0,,3,SUR,-4.19,
TQBR,2015-05-06,јбрауƒюрсо,ABRD,4,55300,79.0,79.0,79.0,79.0,79.0,79.0,700,,82.0,,0,525950,0,,3,SUR,-1.25,
TQBR,2015-05-07,јбрауƒюрсо,ABRD,9,74550,81.5,80.5,85.0,82.5,83.0,85.0,900,,81.5,,0,523150,0,,3,SUR,7.59,
TQBR,2015-05-08,јбрауƒюрсо,ABRD,3,32800,81.0,81.0,83.0,83.0,82.0,83.0,400,,81.5,,0,506450,0,,3,SUR,-2.35,
TQBR,2015-05-12,јбрауƒюрсо,ABRD,2,16700,85.0,82.0,85.0,82.0,83.5,82.0,200,,81.5,,0,506350,0,,3,SUR,-1.2,
TQBR,2015-05-13,јбрауƒюрсо,ABRD,11,90700,83.5,81.0,84.0,83.5,82.5,84.0,1100,,81.5,,0,506100,0,,3,SUR,2.44,
TQBR,2015-05-14,јбрауƒюрсо,ABRD,14,122150,84.0,80.0,84.0,81.5,81.5,81.5,1500,,81.5,,0,530250,0,,3,SUR,-2.98,
TQBR,2015-05-15,јбрауƒюрсо,ABRD,13,119950,80.5,78.5,83.0,79.5,80.0,79.0,1500,,81.5,,0,504250,0,,3,SUR,-3.07,
TQBR,2015-05-18,јбрауƒюрсо,ABRD,8,111550,79.0,78.5,82.0,82.0,79.5,82.0,1400,,81.0,,0,502350,0,,3,SUR,3.8,
TQBR,2015-05-19,јбрауƒюрсо,ABRD,15,243400,84.0,82.5,88.0,84.0,84.0,82.5,2900,,82.0,,0,507200,0,,3,SUR,0.61,
TQBR,2015-05-20,јбрауƒюрсо,ABRD,12,115600,82.5,82.5,92.5,92.0,89.0,92.0,1300,,83.5,,0,502150,0,,3,SUR,11.52,
TQBR,2015-05-21,јбрауƒюрсо,ABRD,0,0,,,,92.0,,,0,,83.5,,0,502150,0,,3,SUR,,
TQBR,2015-05-22,јбрауƒюрсо,ABRD,6,68450,91.5,83.5,91.5,83.5,85.5,83.5,800,,84.5,,0,515300,0,,3,SUR,-9.24,
TQBR,2015-05-25,јбрауƒюрсо,ABRD,0,0,,,,83.5,,,0,,84.5,,0,515300,0,,3,SUR,,
TQBR,2015-05-26,јбрауƒюрсо,ABRD,9,111450,94.5,81.0,94.5,88.0,85.5,88.0,1300,,85.5,,0,505300,0,,3,SUR,5.39,
TQBR,2015-05-27,јбрауƒюрсо,ABRD,0,0,,,,88.0,,,0,,85.5,,0,505300,0,,3,SUR,,
TQBR,2015-05-28,јбрауƒюрсо,ABRD,8,112500,81.0,81.0,89.0,89.0,86.5,89.0,1300,,86.0,,0,508250,0,,3,SUR,1.14,
TQBR,2015-05-29,јбрауƒюрсо,ABRD,0,0,,,,89.0,,,0,,86.0,,0,508250,0,,3,SUR,,
TQBR,2015-06-01,јбрауƒюрсо,ABRD,3,25300,82.0,82.0,88.0,83.0,84.5,83.0,300,,86.0,,0,515950,0,,3,SUR,-6.74,
TQBR,2015-06-02,јбрауƒюрсо,ABRD,6,70250,88.0,84.0,90.0,84.0,88.0,84.0,800,,87.0,,0,503550,0,,3,SUR,1.2,
TQBR,2015-06-03,јбрауƒюрсо,ABRD,3,26450,89.0,87.5,89.0,87.5,88.0,87.5,300,,87.0,,0,513000,0,,3,SUR,4.17,
TQBR,2015-06-04,јбрауƒюрсо,ABRD,3,52050,86.5,86.0,88.0,88.0,87.0,88.0,600,,87.0,,0,503250,0,,3,SUR,0.57,
TQBR,2015-06-05,јбрауƒюрсо,ABRD,6,89100,88.0,88.0,94.0,88.0,89.0,88.0,1000,,87.0,,0,512450,0,,3,SUR,0.0,
TQBR,2015-06-08,јбрауƒюрсо,ABRD,3,26900,90.0,89.0,90.0,89.0,89.5,89.0,300,,87.0,,0,514000,0,,3,SUR,1.14,
TQBR,2015-06-09,јбрауƒюрсо,ABRD,1,25800,86.0,86.0,86.0,86.0,86.0,86.0,300,,87.0,,0,503300,0,,3,SUR,-3.37,
TQBR,2015-06-10,јбрауƒюрсо,ABRD,4,43750,88.0,87.0,88.5,87.0,87.5,87.0,500,,87.0,,0,505900,0,,3,SUR,1.16,
TQBR,2015-06-11,јбрауƒюрсо,ABRD,4,87200,87.5,86.0,87.5,86.0,87.0,86.0,1000,,88.0,,0,509000,0,,3,SUR,-1.15,
TQBR,2015-06-15,јбрауƒюрсо,ABRD,2,35050,88.0,87.5,88.0,87.5,87.5,87.5,400,,87.5,,0,517450,0,,3,SUR,1.74,
TQBR,2015-06-16,јбрауƒюрсо,ABRD,1,8750,87.5,87.5,87.5,87.5,87.5,87.5,100,,87.5,,0,526200,0,,3,SUR,0.0,
TQBR,2015-06-17,јбрауƒюрсо,ABRD,1,8800,88.0,88.0,88.0,88.0,88.0,88.0,100,,87.5,,0,508300,0,,3,SUR,0.57,
TQBR,2015-06-18,јбрауƒюрсо,ABRD,4,127150,89.0,88.5,98.0,97.0,91.0,97.0,1400,,88.5,,0,504550,0,,3,SUR,10.23,
TQBR,2015-06-19,јбрауƒюрсо,ABRD,1,8800,88.0,88.0,88.0,88.0,88.0,88.0,100,,88.5,,0,504700,0,,3,SUR,-9.28,
TQBR,2015-06-22,јбрауƒюрсо,ABRD,3,36700,92.0,91.0,92.0,91.5,92.0,91.0,400,,89.0,,0,515600,0,,3,SUR,3.41,
TQBR,2015-06-23,јбрауƒюрсо,ABRD,2,18200,92.0,90.0,92.0,90.0,91.0,90.0,200,,89.0,,0,507400,0,,3,SUR,-1.1,
TQBR,2015-06-24,јбрауƒюрсо,ABRD,3,35800,90.0,89.0,90.0,89.5,89.5,89.0,400,,89.0,,0,515700,0,,3,SUR,-1.11,
TQBR,2015-06-25,јбрауƒюрсо,ABRD,0,0,,,,89.5,,,0,,89.0,,0,515700,0,,3,SUR,,
TQBR,2015-06-26,јбрауƒюрсо,ABRD,5,125450,89.0,89.0,91.5,91.5,89.5,91.5,1400,,89.5,,0,509300,0,,3,SUR,2.81,
TQBR,2015-06-29,јбрауƒюрсо,ABRD,3,27850,92.5,92.5,93.0,93.0,93.0,93.0,300,,89.5,,0,519750,0,,3,SUR,1.64,
TQBR,2015-06-30,јбрауƒюрсо,ABRD,1,9400,94.0,94.0,94.0,94.0,94.0,94.0,100,,89.5,,0,529150,0,,3,SUR,1.08,
TQBR,2015-07-01,јбрауƒюрсо,ABRD,2,18600,93.0,93.0,93.0,93.0,93.0,93.0,200,,90.0,,0,504000,0,,3,SUR,-1.06,
TQBR,2015-07-02,јбрауƒюрсо,ABRD,3,28050,93.0,93.0,94.0,93.5,93.5,93.5,300,,90.5,,0,505800,0,,3,SUR,0.54,
TQBR,2015-07-03,јбрауƒюрсо,ABRD,0,0,,,,93.5,,,0,,90.5,,0,505800,0,,3,SUR,,
TQBR,2015-07-06,јбрауƒюрсо,ABRD,1,9500,95.0,95.0,95.0,95.0,95.0,95.0,100,,90.5,,0,506700,0,,3,SUR,1.6,
TQBR,2015-07-07,јбрауƒюрсо,ABRD,6,56450,95.0,93.0,95.0,93.0,94.0,93.0,600,,91.5,,0,501950,0,,3,SUR,-2.11,
TQBR,2015-07-08,јбрауƒюрсо,ABRD,2,18150,91.0,90.5,91.0,90.5,91.0,90.5,200,,91.0,,0,520100,0,,3,SUR,-2.69,
TQBR,2015-07-09,јбрауƒюрсо,ABRD,0,0,,,,90.5,,,0,,91.0,,0,520100,0,,3,SUR,,
TQBR,2015-07-10,јбрауƒюрсо,ABRD,0,0,,,,90.5,,,0,,91.0,,0,520100,0,,3,SUR,,
TQBR,2015-07-13,јбрауƒюрсо,ABRD,1,54300,90.5,90.5,90.5,90.5,90.5,90.5,600,,91.0,,0,574400,0,,3,SUR,0.0,
TQBR,2015-07-14,јбрауƒюрсо,ABRD,0,0,,,,90.5,,,0,,91.0,,0,574400,0,,3,SUR,,
TQBR,2015-07-15,јбрауƒюрсо,ABRD,0,0,,,,90.5,,,0,,91.0,,0,574400,0,,3,SUR,,
TQBR,2015-07-16,јбрауƒюрсо,ABRD,0,0,,,,90.5,,,0,,91.0,,0,574400,0,,3,SUR,,
TQBR,2015-07-17,јбрауƒюрсо,ABRD,4,73550,91.5,91.5,92.0,92.0,92.0,92.0,800,,91.5,,0,512000,0,,3,SUR,1.66,
TQBR,2015-07-20,јбрауƒюрсо,ABRD,3,63300,91.0,89.5,91.0,90.5,90.5,89.5,700,,91.5,,0,502400,0,,3,SUR,-2.72,
TQBR,2015-07-21,јбрауƒюрсо,ABRD,0,0,,,,90.5,,,0,,91.5,,0,502400,0,,3,SUR,,
TQBR,2015-07-22,јбрауƒюрсо,ABRD,0,0,,,,90.5,,,0,,91.5,,0,502400,0,,3,SUR,,
TQBR,2015-07-23,јбрауƒюрсо,ABRD,1,9000,90.0,90.0,90.0,90.0,90.0,90.0,100,,91.5,,0,511400,0,,3,SUR,0.56,
TQBR,2015-07-24,јбрауƒюрсо,ABRD,1,17900,89.5,89.5,89.5,89.5,89.5,89.5,200,,91.5,,0,511500,0,,3,SUR,-0.56,
TQBR,2015-07-27,јбрауƒюрсо,ABRD,0,0,,,,89.5,,,0,,91.5,,0,511500,0,,3,SUR,,
TQBR,2015-07-28,јбрауƒюрсо,ABRD,1,26550,88.5,88.5,88.5,88.5,88.5,88.5,300,,91.0,,0,538050,0,,3,SUR,-1.12,
TQBR,2015-07-29,јбрауƒюрсо,ABRD,0,0,,,,88.5,,,0,,91.0,,0,538050,0,,3,SUR,,
TQBR,2015-07-30,јбрауƒюрсо,ABRD,2,18250,91.0,91.0,91.5,91.5,91.5,91.5,200,,91.0,,0,556300,0,,3,SUR,3.39,
TQBR,2015-07-31,јбрауƒюрсо,ABRD,2,18400,92.0,92.0,92.0,92.0,92.0,92.0,200,,91.0,,0,574700,0,,3,SUR,0.55,
TQBR,2015-08-03,јбрауƒюрсо,ABRD,1,9200,92.0,92.0,92.0,92.0,92.0,92.0,100,,91.0,,0,583900,0,,3,SUR,0.0,
TQBR,2015-08-04,јбрауƒюрсо,ABRD,1,9200,92.0,92.0,92.0,92.0,92.0,92.0,100,,91.5,,0,504100,0,,3,SUR,0.0,
TQBR,2015-08-05,јбрауƒюрсо,ABRD,0,0,,,,92.0,,,0,,91.5,,0,504100,0,,3,SUR,,
TQBR,2015-08-06,јбрауƒюрсо,ABRD,40,1637000,92.5,81.0,105.0,83.0,91.5,85.0,17900,91.5,91.5,91.5,1637000,1637000,1637000,,3,SUR,-7.61,
TQBR,2015-08-07,јбрауƒюрсо,ABRD,3,53400,89.0,89.0,89.0,89.0,89.0,89.0,600,91.5,88.5,91.5,1690400,847350,1690400,,3,SUR,4.71,
TQBR,2015-08-10,јбрауƒюрсо,ABRD,8,131100,85.0,84.0,92.0,88.5,87.5,88.0,1500,,85.0,,0,500550,0,,3,SUR,-1.12,
TQBR,2015-08-11,јбрауƒюрсо,ABRD,3,475250,88.5,88.0,88.5,88.0,88.0,88.0,5400,88.0,88.0,88.0,606350,597850,606350,,3,SUR,0.0,
TQBR,2015-08-12,јбрауƒюрсо,ABRD,4,237200,87.0,83.0,87.0,83.0,84.5,83.0,2800,87.0,87.0,87.0,843550,747750,843550,,3,SUR,-5.68,
TQBR,2015-08-13,јбрауƒюрсо,ABRD,3,59850,85.5,85.5,85.5,85.5,85.5,85.5,700,87.0,87.0,87.0,772300,772300,772300,,3,SUR,3.01,
TQBR,2015-08-14,јбрауƒюрсо,ABRD,5,44150,87.5,87.5,89.0,88.5,88.5,89.0,500,,87.0,,0,807600,0,,3,SUR,4.09,
TQBR,2015-08-17,јбрауƒюрсо,ABRD,1,8900,89.0,89.0,89.0,89.0,89.0,89.0,100,87.0,87.0,87.0,825350,816500,825350,,3,SUR,0.0,
TQBR,2015-08-18,јбрауƒюрсо,ABRD,0,0,,,,89.0,,,0,,87.0,,0,816500,0,,3,SUR,,
TQBR,2015-08-19,јбрауƒюрсо,ABRD,1,8700,87.0,87.0,87.0,87.0,87.0,87.0,100,,87.0,,0,825200,0,,3,SUR,-2.25,
TQBR,2015-08-20,јбрауƒюрсо,ABRD,5,53150,85.0,85.0,89.5,89.5,88.5,89.5,600,,87.0,,0,878350,0,,3,SUR,2.87,
TQBR,2015-08-21,јбрауƒюрсо,ABRD,0,0,,,,89.5,,,0,87.0,87.0,87.0,1018300,878350,1018300,,3,SUR,,
TQBR,2015-08-24,јбрауƒюрсо,ABRD,11,592650,85.0,84.0,92.5,90.0,91.0,90.0,6500,91.0,91.0,91.0,592650,592650,592650,,3,SUR,0.56,
TQBR,2015-08-25,јбрауƒюрсо,ABRD,19,593600,92.5,92.5,104.0,96.5,100.5,95.0,5900,100.5,100.5,100.5,593600,593600,593600,,3,SUR,5.56,
TQBR,2015-08-26,јбрауƒюрсо,ABRD,5,80050,107.0,98.0,107.0,104.0,100.0,104.0,800,100.5,101.5,100.5,673650,528850,673650,,3,SUR,9.47,
TQBR,2015-08-27,јбрауƒюрсо,ABRD,0,0,,,,104.0,,,0,100.5,101.5,100.5,673650,528850,673650,,3,SUR,,
TQBR,2015-08-28,јбрауƒюрсо,ABRD,0,0,,,,104.0,,,0,96.0,101.5,96.0,1266300,528850,1266300,,3,SUR,,
TQBR,2015-08-31,јбрауƒюрсо,ABRD,0,0,,,,104.0,,,0,100.5,101.5,100.5,673650,528850,673650,,3,SUR,,
TQBR,2015-09-01,јбрауƒюрсо,ABRD,4,480650,104.5,104.5,118.0,114.5,114.5,118.0,4200,100.0,112.0,100.0,1808800,570200,1808800,,3,SUR,13.46,
TQBR,2015-09-02,јбрауƒюрсо,ABRD,14,341550,100.0,100.0,116.5,100.5,106.5,100.0,3200,,112.0,,0,695550,0,,3,SUR,-15.25,
TQBR,2015-09-03,јбрауƒюрсо,ABRD,0,0,,,,100.5,,,0,,112.0,,0,695550,0,,3,SUR,,
TQBR,2015-09-04,јбрауƒюрсо,ABRD,0,0,,,,100.5,,,0,,112.0,,0,695550,0,,3,SUR,,
TQBR,2015-09-07,јбрауƒюрсо,ABRD,0,0,,,,100.5,,,0,111.0,112.0,111.0,822200,695550,822200,,3,SUR,,
TQBR,2015-09-08,јбрауƒюрсо,ABRD,5,145950,107.5,107.5,118.0,112.5,112.5,118.0,1300,,112.0,,0,841500,0,,3,SUR,18.0,
TQBR,2015-09-09,јбрауƒюрсо,ABRD,5,52400,103.0,102.5,112.5,108.0,105.0,112.5,500,,108.0,,0,508100,0,,3,SUR,-4.66,
TQBR,2015-09-10,јбрауƒюрсо,ABRD,0,0,,,,108.0,,,0,,108.0,,0,508100,0,,3,SUR,,
TQBR,2015-09-11,јбрауƒюрсо,ABRD,0,0,,,,108.0,,,0,,108.0,,0,508100,0,,3,SUR,,
TQBR,2015-09-14,јбрауƒюрсо,ABRD,0,0,,,,108.0,,,0,,108.0,,0,508100,0,,3,SUR,,
TQBR,2015-09-15,јбрауƒюрсо,ABRD,0,0,,,,108.0,,,0,108.0,108.0,108.0,539900,508100,539900,,3,SUR,,
TQBR,2015-09-16,јбрауƒюрсо,ABRD,1,10350,103.5,103.5,103.5,103.5,103.5,103.5,100,,108.0,,0,518450,0,,3,SUR,-8.0,
TQBR,2015-09-17,јбрауƒюрсо,ABRD,8,110450,99.5,99.5,114.0,113.0,110.5,114.0,1000,,107.0,,0,502400,0,,3,SUR,10.14,
TQBR,2015-09-18,јбрауƒюрсо,ABRD,0,0,,,,113.0,,,0,,107.0,,0,502400,0,,3,SUR,,
TQBR,2015-09-21,јбрауƒюрсо,ABRD,1,10250,102.5,102.5,102.5,102.5,102.5,102.5,100,,107.0,,0,502600,0,,3,SUR,-10.09,
TQBR,2015-09-22,јбрауƒюрсо,ABRD,7,223400,100.5,99.5,104.0,104.0,101.5,104.0,2200,,106.5,,0,531250,0,,3,SUR,1.46,
TQBR,2015-09-23,јбрауƒюрсо,ABRD,6,75050,113.5,103.5,114.0,104.5,107.0,103.5,700,,105.5,,0,517300,0,,3,SUR,-0.48,
TQBR,2015-09-24,јбрауƒюрсо,ABRD,1,21000,105.0,105.0,105.0,105.0,105.0,105.0,200,,105.0,,0,502900,0,,3,SUR,1.45,
TQBR,2015-09-25,јбрауƒюрсо,ABRD,2,244800,102.0,102.0,102.0,102.0,102.0,102.0,2400,102.5,103.0,102.5,574500,514000,574500,,3,SUR,-2.86,
TQBR,2015-09-28,јбрауƒюрсо,ABRD,1,52000,104.0,104.0,104.0,104.0,104.0,104.0,500,102.5,103.0,102.5,616250,566000,616250,,3,SUR,1.96,
TQBR,2015-09-29,јбрауƒюрсо,ABRD,1,10300,103.0,103.0,103.0,103.0,103.0,103.0,100,,103.0,,0,576300,0,,3,SUR,-0.96,
TQBR,2015-09-30,јбрауƒюрсо,ABRD,0,0,,,,103.0,,,0,104.0,103.0,104.0,747250,576300,747250,,3,SUR,,
TQBR,2015-10-01,јбрауƒюрсо,ABRD,1,40800,102.0,102.0,102.0,102.0,102.0,102.0,400,102.5,103.5,102.5,677600,506350,677600,,3,SUR,-0.97,
TQBR,2015-10-02,јбрауƒюрсо,ABRD,14,203550,100.5,100.5,103.5,102.0,102.0,102.0,2000,,102.0,,0,551450,0,,3,SUR,0.0,
TQBR,2015-10-05,јбрауƒюрсо,ABRD,4,40600,101.0,101.0,102.0,101.5,101.5,101.5,400,,102.0,,0,592050,0,,3,SUR,-0.49,
TQBR,2015-10-06,јбрауƒюрсо,ABRD,3,30400,100.5,100.5,102.5,102.5,101.5,102.5,300,,102.0,,0,622450,0,,3,SUR,0.99,
TQBR,2015-10-07,јбрауƒюрсо,ABRD,2,30200,100.0,100.0,101.0,101.0,100.5,101.0,300,,102.0,,0,652650,0,,3,SUR,-1.46,
TQBR,2015-10-08,јбрауƒюрсо,ABRD,4,40650,100.0,100.0,103.5,102.0,101.5,103.5,400,,102.0,,0,693300,0,,3,SUR,2.48,
TQBR,2015-10-09,јбрауƒюрсо,ABRD,0,0,,,,102.0,,,0,,102.0,,0,693300,0,,3,SUR,,
TQBR,2015-10-12,јбрауƒюрсо,ABRD,3,30050,100.5,100.0,100.5,100.0,100.0,100.0,300,,102.0,,0,519350,0,,3,SUR,-3.38,
TQBR,2015-10-13,јбрауƒюрсо,ABRD,0,0,,,,100.0,,,0,,102.0,,0,519350,0,,3,SUR,,
TQBR,2015-10-14,јбрауƒюрсо,ABRD,2,103000,103.0,103.0,103.0,103.0,103.0,103.0,1000,102.0,102.0,102.0,519250,519250,519250,,3,SUR,3.0,
TQBR,2015-10-15,јбрауƒюрсо,ABRD,0,0,,,,103.0,,,0,,102.0,,0,519250,0,,3,SUR,,
TQBR,2015-10-16,јбрауƒюрсо,ABRD,0,0,,,,103.0,,,0,,102.0,,0,519250,0,,3,SUR,,
TQBR,2015-10-19,јбрауƒюрсо,ABRD,0,0,,,,103.0,,,0,,102.0,,0,519250,0,,3,SUR,,
TQBR,2015-10-20,јбрауƒюрсо,ABRD,1,20200,101.0,101.0,101.0,101.0,101.0,101.0,200,,102.0,,0,539450,0,,3,SUR,-1.94,
TQBR,2015-10-21,јбрауƒюрсо,ABRD,4,65600,105.0,104.0,119.0,110.0,109.5,119.0,600,,102.5,,0,503150,0,,3,SUR,17.82,
TQBR,2015-10-22,јбрауƒюрсо,ABRD,6,93700,105.0,103.0,105.0,104.0,104.0,104.0,900,,103.0,,0,515350,0,,3,SUR,-12.61,
TQBR,2015-10-23,јбрауƒюрсо,ABRD,3,30900,104.0,102.5,104.0,102.5,103.0,102.5,300,,103.0,,0,505650,0,,3,SUR,-1.44,
TQBR,2015-10-26,јбрауƒюрсо,ABRD,2,31300,104.0,104.0,104.5,104.5,104.5,104.5,300,,103.5,,0,506500,0,,3,SUR,1.95,
TQBR,2015-10-27,јбрауƒюрсо,ABRD,1,10400,104.0,104.0,104.0,104.0,104.0,104.0,100,,103.5,,0,506700,0,,3,SUR,-0.48,
TQBR,2015-10-28,јбрауƒюрсо,ABRD,0,0,,,,104.0,,,0,,103.5,,0,506700,0,,3,SUR,,
TQBR,2015-10-29,јбрауƒюрсо,ABRD,0,0,,,,104.0,,,0,,103.5,,0,506700,0,,3,SUR,,
TQBR,2015-10-30,јбрауƒюрсо,ABRD,3,30650,101.0,101.0,103.5,103.5,102.0,103.5,300,,103.5,,0,507000,0,,3,SUR,-0.48,
TQBR,2015-11-02,јбрауƒюрсо,ABRD,0,0,,,,103.5,,,0,,103.5,,0,507000,0,,3,SUR,,
TQBR,2015-11-03,јбрауƒюрсо,ABRD,1,20500,102.5,102.5,102.5,102.5,102.5,102.5,200,,103.5,,0,507150,0,,3,SUR,-0.97,
TQBR,2015-11-05,јбрауƒюрсо,ABRD,0,0,,,,102.5,,,0,,103.5,,0,507150,0,,3,SUR,,
TQBR,2015-11-06,јбрауƒюрсо,ABRD,0,0,,,,102.5,,,0,,103.5,,0,507150,0,,3,SUR,,
TQBR,2015-11-09,јбрауƒюрсо,ABRD,0,0,,,,102.5,,,0,,103.5,,0,507150,0,,3,SUR,,
TQBR,2015-11-10,јбрауƒюрсо,ABRD,0,0,,,,102.5,,,0,,103.5,,0,507150,0,,3,SUR,,
TQBR,2015-11-11,јбрауƒюрсо,ABRD,0,0,,,,102.5,,,0,,103.5,,0,507150,0,,3,SUR,,
TQBR,2015-11-12,јбрауƒюрсо,ABRD,0,0,,,,102.5,,,0,,103.5,,0,507150,0,,3,SUR,,
TQBR,2015-11-13,јбрауƒюрсо,ABRD,0,0,,,,102.5,,,0,,103.5,,0,507150,0,,3,SUR,,
TQBR,2015-11-16,јбрауƒюрсо,ABRD,6,71700,103.5,101.0,103.5,102.5,102.5,101.0,700,,103.5,,0,508000,0,,3,SUR,-1.46,
TQBR,2015-11-17,јбрауƒюрсо,ABRD,0,0,,,,102.5,103.5,,0,,103.5,,0,508000,0,,3,SUR,,
TQBR,2015-11-18,јбрауƒюрсо,ABRD,0,0,,,,102.5,,,0,,103.5,,0,508000,0,,3,SUR,,
TQBR,2015-11-19,јбрауƒюрсо,ABRD,0,0,,,,102.5,,,0,,103.5,,0,508000,0,,3,SUR,,
TQBR,2015-11-20,јбрауƒюрсо,ABRD,0,0,,,,102.5,,,0,,103.5,,0,508000,0,,3,SUR,,
TQBR,2015-11-23,јбрауƒюрсо,ABRD,3,29800,99.0,99.0,100.0,99.5,99.5,99.0,300,,103.5,,0,507750,0,,3,SUR,-1.98,
TQBR,2015-11-24,јбрауƒюрсо,ABRD,0,0,,,,99.5,,,0,,103.5,,0,507750,0,,3,SUR,,
TQBR,2015-11-25,јбрауƒюрсо,ABRD,1,103000,103.0,103.0,103.0,103.0,103.0,103.0,1000,,103.5,,0,507750,0,,3,SUR,4.04,
TQBR,2015-11-26,јбрауƒюрсо,ABRD,0,0,,,,103.0,,,0,,103.5,,0,507750,0,,3,SUR,,
TQBR,2015-11-27,јбрауƒюрсо,ABRD,0,0,,,,103.0,,,0,,103.5,,0,507750,0,,3,SUR,,
TQBR,2015-11-30,јбрауƒюрсо,ABRD,0,0,,,,103.0,,,0,,103.5,,0,507750,0,,3,SUR,,
TQBR,2015-12-01,јбрауƒюрсо,ABRD,0,0,,,,103.0,,,0,,103.5,,0,507750,0,,3,SUR,,
TQBR,2015-12-02,јбрауƒюрсо,ABRD,0,0,,,,103.0,,,0,,103.5,,0,507750,0,,3,SUR,,
TQBR,2015-12-03,јбрауƒюрсо,ABRD,0,0,,,,103.0,,,0,,103.5,,0,507750,0,,3,SUR,,
TQBR,2015-12-04,јбрауƒюрсо,ABRD,0,0,,,,103.0,,,0,,103.5,,0,507750,0,,3,SUR,,
TQBR,2015-12-07,јбрауƒюрсо,ABRD,2,19850,103.0,95.5,103.0,99.5,99.5,95.5,200,,103.5,,0,507400,0,,3,SUR,-7.28,
TQBR,2015-12-08,јбрауƒюрсо,ABRD,4,37850,95.0,87.0,99.0,99.0,94.5,99.0,400,,102.5,,0,503450,0,,3,SUR,3.66,
TQBR,2015-12-09,јбрауƒюрсо,ABRD,0,0,,,,99.0,,,0,,102.5,,0,503450,0,,3,SUR,,
TQBR,2015-12-10,јбрауƒюрсо,ABRD,5,106350,97.5,93.0,100.0,98.0,96.5,93.0,1100,,100.5,,0,513100,0,,3,SUR,-6.06,
TQBR,2015-12-11,јбрауƒюрсо,ABRD,0,0,,,,98.0,,,0,,100.5,,0,513100,0,,3,SUR,,
TQBR,2015-12-14,јбрауƒюрсо,ABRD,0,0,,,,98.0,,,0,,100.5,,0,513100,0,,3,SUR,,
TQBR,2015-12-15,јбрауƒюрсо,ABRD,1,9300,93.0,93.0,93.0,93.0,93.0,93.0,100,,100.5,,0,501600,0,,3,SUR,0.0,
TQBR,2015-12-16,јбрауƒюрсо,ABRD,0,0,,,,93.0,,,0,,100.5,,0,501600,0,,3,SUR,,
TQBR,2015-12-17,јбрауƒюрсо,ABRD,0,0,,,,93.0,,,0,,100.5,,0,501600,0,,3,SUR,,
TQBR,2015-12-18,јбрауƒюрсо,ABRD,3,37350,94.0,93.0,94.0,93.0,93.5,93.0,400,,99.5,,0,508050,0,,3,SUR,0.0,
TQBR,2015-12-21,јбрауƒюрсо,ABRD,0,0,,,,93.0,,,0,,99.5,,0,508050,0,,3,SUR,,
TQBR,2015-12-22,јбрауƒюрсо,ABRD,0,0,,,,93.0,,,0,,99.5,,0,508050,0,,3,SUR,,
TQBR,2015-12-23,јбрауƒюрсо,ABRD,1,9800,98.0,98.0,98.0,98.0,98.0,98.0,100,,99.5,,0,507450,0,,3,SUR,5.38,
TQBR,2015-12-24,јбрауƒюрсо,ABRD,2,54850,93.5,91.0,93.5,91.5,91.5,91.0,600,,98.0,,0,500350,0,,3,SUR,-7.14,
TQBR,2015-12-25,јбрауƒюрсо,ABRD,0,0,,,,91.5,,,0,,98.0,,0,500350,0,,3,SUR,,
TQBR,2015-12-28,јбрауƒюрсо,ABRD,2,18900,95.5,93.5,95.5,93.5,94.5,93.5,200,,98.0,,0,519250,0,,3,SUR,2.75,
TQBR,2015-12-29,јбрауƒюрсо,ABRD,1,9550,95.5,95.5,95.5,95.5,95.5,95.5,100,,98.0,,0,508300,0,,3,SUR,2.14,
TQBR,2015-12-30,јбрауƒюрсо,ABRD,1,9950,99.5,99.5,99.5,99.5,99.5,99.5,100,,97.5,,0,507900,0,,3,SUR,4.19,
TQBR,2016-01-04,јбрауƒюрсо,ABRD,2,18150,91.0,90.5,91.0,91.0,91.0,90.5,200,,97.0,91.0,0,505400,0,,3,SUR,-9.05,
TQBR,2016-01-05,јбрауƒюрсо,ABRD,0,0,,,,91.0,,,0,,97.0,91.0,0,505400,0,,3,SUR,,
TQBR,2016-01-06,јбрауƒюрсо,ABRD,5,87700,88.5,87.5,88.5,87.5,87.5,87.5,1000,,95.0,87.5,0,522600,0,,3,SUR,-3.31,
TQBR,2016-01-11,јбрауƒюрсо,ABRD,5,98050,93.5,87.5,93.5,88.5,89.0,87.5,1100,,92.0,88.5,0,507350,0,,3,SUR,0.0,
TQBR,2016-01-12,јбрауƒюрсо,ABRD,7,120300,88.0,85.0,88.0,86.0,86.0,87.0,1400,,90.0,86.0,0,513200,0,,3,SUR,-0.57,
TQBR,2016-01-13,јбрауƒюрсо,ABRD,1,8950,89.5,89.5,89.5,89.5,89.5,89.5,100,,90.0,89.5,0,522150,0,,3,SUR,2.87,
TQBR,2016-01-14,јбрауƒюрсо,ABRD,0,0,,,,89.5,,,0,,90.0,89.5,0,522150,0,,3,SUR,,
TQBR,2016-01-15,јбрауƒюрсо,ABRD,5,51150,85.5,85.0,85.5,85.0,85.5,85.0,600,,89.0,85.0,0,505950,0,,3,SUR,-5.03,
TQBR,2016-01-18,јбрауƒюрсо,ABRD,1,9000,90.0,90.0,90.0,90.0,90.0,90.0,100,,89.0,90.0,0,514950,0,,3,SUR,5.88,
TQBR,2016-01-19,јбрауƒюрсо,ABRD,5,79950,85.5,85.5,91.0,91.0,89.0,91.0,900,,88.0,91.0,0,502100,0,,3,SUR,1.11,
TQBR,2016-01-20,јбрауƒюрсо,ABRD,20,229350,91.5,91.5,104.5,101.0,99.5,101.0,2300,,92.0,101.0,0,524950,0,,3,SUR,10.99,
TQBR,2016-01-21,јбрауƒюрсо,ABRD,2,48000,96.0,96.0,96.0,96.0,96.0,96.0,500,,93.0,96.0,0,520650,0,,3,SUR,-4.95,
TQBR,2016-01-22,јбрауƒюрсо,ABRD,1,9500,95.0,95.0,95.0,95.0,95.0,95.0,100,,93.0,95.0,0,530150,0,,3,SUR,-1.04,
TQBR,2016-01-25,јбрауƒюрсо,ABRD,0,0,,,,95.0,,,0,,93.0,95.0,0,530150,0,,3,SUR,,
TQBR,2016-01-26,јбрауƒюрсо,ABRD,16,336900,95.0,95.0,107.0,97.0,99.0,96.5,3400,,99.5,97.0,0,507400,0,,3,SUR,1.58,
TQBR,2016-01-27,јбрауƒюрсо,ABRD,3,77250,96.5,96.5,97.0,97.0,96.5,97.0,800,,98.5,97.0,0,502550,0,,3,SUR,0.52,
TQBR,2016-01-28,јбрауƒюрсо,ABRD,8,190050,97.0,97.0,101.0,101.0,100.0,101.0,1900,,100.0,101.0,0,518700,0,,3,SUR,4.12,
TQBR,2016-01-29,јбрауƒюрсо,ABRD,20,610700,97.0,97.0,113.0,112.5,109.0,113.0,5600,109.0,109.0,112.5,610700,610700,610700,,3,SUR,11.88,
TQBR,2016-02-01,јбрауƒюрсо,ABRD,11,242700,106.0,106.0,120.0,106.5,115.5,106.5,2100,,113.5,106.5,0,544850,0,,3,SUR,-5.75,
TQBR,2016-02-02,јбрауƒюрсо,ABRD,1,139200,116.0,116.0,116.0,116.0,116.0,116.0,1200,,115.0,116.0,0,506100,0,,3,SUR,8.92,
TQBR,2016-02-03,јбрауƒюрсо,ABRD,3,107950,119.5,119.5,120.0,120.0,120.0,120.0,900,,116.0,120.0,0,591550,0,,3,SUR,3.45,
TQBR,2016-02-04,јбрауƒюрсо,ABRD,2,32400,108.0,108.0,108.0,108.0,108.0,108.0,300,112.0,116.5,108.0,1132950,500150,1132950,,3,SUR,-10.0,
TQBR,2016-02-05,јбрауƒюрсо,ABRD,0,0,,,,108.0,,,0,116.0,116.5,108.0,522250,500150,522250,,3,SUR,,
TQBR,2016-02-08,јбрауƒюрсо,ABRD,5,52000,104.5,103.0,104.5,103.0,104.0,103.0,500,,115.0,103.0,0,528350,0,,3,SUR,-4.63,
TQBR,2016-02-09,јбрауƒюрсо,ABRD,1,10050,100.5,100.5,100.5,100.5,100.5,100.5,100,,114.5,100.5,0,538400,0,,3,SUR,-2.43,
TQBR,2016-02-10,јбрауƒюрсо,ABRD,0,0,,,,100.5,,,0,110.0,114.5,100.5,1385050,538400,1385050,,3,SUR,,
TQBR,2016-02-11,јбрауƒюрсо,ABRD,1,10900,109.0,109.0,109.0,109.0,109.0,109.0,100,111.5,114.5,109.0,1205900,549300,1205900,,3,SUR,8.46,
TQBR,2016-02-12,јбрауƒюрсо,ABRD,0,0,,,,109.0,,,0,114.5,114.5,109.0,595200,549300,595200,,3,SUR,,
TQBR,2016-02-15,јбрауƒюрсо,ABRD,0,0,,,,109.0,,,0,,114.5,109.0,0,549300,0,,3,SUR,,
TQBR,2016-02-16,јбрауƒюрсо,ABRD,0,0,,,,109.0,,,0,,114.5,109.0,0,549300,0,,3,SUR,,
TQBR,2016-02-17,јбрауƒюрсо,ABRD,0,0,,,,109.0,,,0,,114.5,109.0,0,549300,0,,3,SUR,,
TQBR,2016-02-18,јбрауƒюрсо,ABRD,0,0,,,,109.0,,,0,,114.5,109.0,0,549300,0,,3,SUR,,
TQBR,2016-02-19,јбрауƒюрсо,ABRD,0,0,,,,109.0,,,0,,114.5,109.0,0,549300,0,,3,SUR,,
TQBR,2016-02-20,јбрауƒюрсо,ABRD,4,57250,102.5,102.5,118.0,117.5,114.5,118.0,500,,114.0,117.5,0,501100,0,,3,SUR,8.26,
TQBR,2016-02-22,јбрауƒюрсо,ABRD,0,0,,,,117.5,,,0,,114.0,117.5,0,501100,0,,3,SUR,,
TQBR,2016-02-24,јбрауƒюрсо,ABRD,3,32150,102.5,102.5,110.0,109.0,107.0,109.0,300,,113.5,109.0,0,521500,0,,3,SUR,-7.63,
TQBR,2016-02-25,јбрауƒюрсо,ABRD,2,64100,101.0,101.0,108.0,108.0,107.0,108.0,600,,112.5,108.0,0,506000,0,,3,SUR,-0.92,
TQBR,2016-02-26,јбрауƒюрсо,ABRD,8,162650,110.0,103.0,112.0,103.0,108.5,103.0,1500,,110.0,103.0,0,517500,0,,3,SUR,-4.63,
TQBR,2016-02-29,јбрауƒюрсо,ABRD,8,138900,110.0,102.0,111.0,102.0,107.0,102.0,1300,,108.0,102.0,0,507150,0,,3,SUR,-0.97,
TQBR,2016-03-01,јбрауƒюрсо,ABRD,17,257500,110.5,101.0,112.5,102.0,107.5,101.0,2400,,107.0,102.0,0,504050,0,,3,SUR,-0.98,
TQBR,2016-03-02,јбрауƒюрсо,ABRD,1,65700,109.5,109.5,109.5,109.5,109.5,109.5,600,,107.0,109.5,0,503450,0,,3,SUR,8.42,
TQBR,2016-03-03,јбрауƒюрсо,ABRD,4,84200,104.5,104.5,105.5,105.5,105.5,105.5,800,,107.0,105.5,0,524250,0,,3,SUR,-3.65,
TQBR,2016-03-04,јбрауƒюрсо,ABRD,4,41050,102.0,101.5,105.0,105.0,102.5,105.0,400,107.0,106.0,105.0,587350,509800,587350,,3,SUR,-0.47,
TQBR,2016-03-07,јбрауƒюрсо,ABRD,0,0,,,,105.0,,,0,,106.0,105.0,0,509800,0,,3,SUR,,
TQBR,2016-03-09,јбрауƒюрсо,ABRD,0,0,,,,105.0,,,0,107.0,106.0,105.0,846250,509800,846250,,3,SUR,,
TQBR,2016-03-10,јбрауƒюрсо,ABRD,4,126550,105.5,105.0,105.5,105.5,105.5,105.5,1200,,106.0,105.5,0,508450,0,,3,SUR,0.48,
TQBR,2016-03-11,јбрауƒюрсо,ABRD,4,191700,105.5,105.5,112.0,106.5,106.5,112.0,1800,,106.0,106.5,0,509200,0,,3,SUR,6.16,
TQBR,2016-03-14,јбрауƒюрсо,ABRD,6,109150,109.5,104.5,110.0,110.0,109.0,110.0,1000,,106.5,110.0,0,521200,0,,3,SUR,-1.79,
TQBR,2016-03-15,јбрауƒюрсо,ABRD,0,0,,,,110.0,,,0,,106.5,110.0,0,521200,0,,3,SUR,,
TQBR,2016-03-16,јбрауƒюрсо,ABRD,5,405500,109.5,109.5,110.0,110.0,109.5,110.0,3700,109.5,109.5,110.0,514650,503700,514650,,3,SUR,0.0,
TQBR,2016-03-17,јбрауƒюрсо,ABRD,1,10250,102.5,102.5,102.5,102.5,102.5,102.5,100,108.5,109.5,102.5,716600,513950,716600,,3,SUR,-6.82,
TQBR,2016-03-18,јбрауƒюрсо,ABRD,19,524600,102.5,98.0,104.0,103.0,101.0,103.0,5200,101.0,101.0,103.0,524600,524600,524600,,3,SUR,0.49,
TQBR,2016-03-21,јбрауƒюрсо,ABRD,43,639850,98.5,86.0,101.5,93.0,92.5,91.5,6900,92.5,92.5,93.0,639850,639850,639850,,3,SUR,-11.17,
TQBR,2016-03-22,јбрауƒюрсо,ABRD,32,968450,98.0,89.0,100.0,92.0,92.5,92.5,10500,92.0,92.0,92.0,968450,968450,968450,,3,SUR,1.09,
TQBR,2016-03-23,јбрауƒюрсо,ABRD,9,186650,94.5,93.0,94.5,93.0,93.5,93.0,2000,92.5,91.5,93.0,1155100,512450,1155100,,3,SUR,0.54,
TQBR,2016-03-24,јбрауƒюрсо,ABRD,8,235900,93.5,90.5,93.5,90.5,90.5,90.5,2600,,91.5,90.5,0,593300,0,,3,SUR,-2.69,
TQBR,2016-03-25,јбрауƒюрсо,ABRD,86,1703850,92.5,82.5,93.0,85.0,85.5,85.0,19900,85.5,85.5,85.0,1703850,1703850,1703850,,3,SUR,-6.08,
TQBR,2016-03-28,јбрауƒюрсо,ABRD,59,1176650,86.0,85.0,91.5,89.5,88.5,89.5,13300,88.5,88.5,89.5,1176650,1176650,1176650,,3,SUR,5.29,
TQBR,2016-03-29,јбрауƒюрсо,ABRD,65,1080750,89.0,83.5,89.0,84.5,86.0,84.5,12600,86.0,86.0,84.5,1080750,1080750,1080750,,3,SUR,-5.59,
TQBR,2016-03-30,јбрауƒюрсо,ABRD,102,2312550,85.0,80.5,86.5,82.0,81.5,82.0,28300,81.5,81.5,82.0,2312550,2312550,2312550,,3,SUR,-2.96,
TQBR,2016-03-31,јбрауƒюрсо,ABRD,34,720600,83.0,82.0,85.0,83.5,83.0,84.0,8600,84.0,84.0,83.5,720600,720600,720600,,3,SUR,2.44,
TQBR,2016-04-01,јбрауƒюрсо,ABRD,17,694250,83.5,82.0,86.0,85.0,84.5,85.0,8200,84.5,84.5,85.0,694250,694250,694250,,3,SUR,1.19,
TQBR,2016-04-04,јбрауƒюрсо,ABRD,11,101300,85.0,82.5,86.0,86.0,84.5,86.0,1200,,85.0,86.0,0,654150,0,,3,SUR,1.18,
TQBR,2016-04-05,јбрауƒюрсо,ABRD,38,679700,85.5,83.0,90.0,88.5,88.5,88.5,7700,88.5,88.5,88.5,679700,679700,679700,,3,SUR,2.91,
TQBR,2016-04-06,јбрауƒюрсо,ABRD,9,80450,90.0,86.0,90.0,86.0,89.5,86.0,900,88.5,89.0,86.0,760150,515900,760150,,3,SUR,-2.82,
TQBR,2016-04-07,јбрауƒюрсо,ABRD,7,98050,89.5,88.0,89.5,89.0,89.0,89.0,1100,,89.0,89.0,0,507150,0,,3,SUR,3.49,
TQBR,2016-04-08,јбрауƒюрсо,ABRD,13,121750,89.5,85.0,90.0,88.0,87.0,88.0,1400,,88.5,88.0,0,504450,0,,3,SUR,-1.12,
TQBR,2016-04-11,јбрауƒюрсо,ABRD,19,172650,87.0,85.0,88.5,86.5,86.5,86.5,2000,,87.5,86.5,0,516900,0,,3,SUR,-1.7,
TQBR,2016-04-12,јбрауƒюрсо,ABRD,9,86150,86.5,84.0,88.0,86.5,86.0,86.5,1000,,87.0,86.5,0,505200,0,,3,SUR,0.0,
TQBR,2016-04-13,јбрауƒюрсо,ABRD,14,145800,86.5,85.0,87.0,85.5,86.0,85.5,1700,,86.0,85.5,0,508400,0,,3,SUR,-1.16,
TQBR,2016-04-14,јбрауƒюрсо,ABRD,10,111900,85.5,84.0,88.0,88.0,86.0,88.0,1300,,86.0,88.0,0,507800,0,,3,SUR,2.92,
TQBR,2016-04-15,јбрауƒюрсо,ABRD,16,154200,87.0,84.0,87.0,86.0,85.5,86.0,1800,,86.0,86.0,0,506700,0,,3,SUR,-2.27,
TQBR,2016-04-18,јбрауƒюрсо,ABRD,22,303350,85.0,83.5,86.5,85.5,84.5,85.5,3600,,85.0,85.5,0,509650,0,,3,SUR,-0.58,
TQBR,2016-04-19,јбрауƒюрсо,ABRD,20,298600,87.0,82.5,90.0,86.0,88.0,86.0,3400,,86.5,86.0,0,517800,0,,3,SUR,0.58,
TQBR,2016-04-20,јбрауƒюрсо,ABRD,12,161600,85.5,83.5,87.0,87.0,85.0,87.0,1900,,86.5,87.0,0,502400,0,,3,SUR,1.16,
TQBR,2016-04-21,јбрауƒюрсо,ABRD,33,398100,85.5,82.5,87.5,86.5,84.5,86.5,4700,,85.0,86.5,0,500500,0,,3,SUR,-0.57,
TQBR,2016-04-22,јбрауƒюрсо,ABRD,30,645050,86.0,82.0,88.0,86.5,86.0,86.5,7500,86.0,86.0,86.5,645050,645050,645050,,3,SUR,0.0,
TQBR,2016-04-25,јбрауƒюрсо,ABRD,14,153150,85.5,83.0,88.0,86.0,85.0,86.0,1800,,86.5,86.0,0,500500,0,,3,SUR,-0.58,
TQBR,2016-04-26,јбрауƒюрсо,ABRD,36,856700,84.5,83.5,87.5,86.0,85.0,86.0,10100,85.0,85.0,86.0,856700,856700,856700,,3,SUR,0.0,
TQBR,2016-04-27,јбрауƒюрсо,ABRD,23,1042800,85.0,83.0,87.0,85.0,85.0,83.0,12300,85.0,85.0,85.0,1042800,1042800,1042800,,3,SUR,-3.49,
TQBR,2016-04-28,јбрауƒюрсо,ABRD,72,1108150,83.0,81.0,85.5,81.0,82.5,81.0,13400,82.5,82.5,81.0,1108150,1108150,1108150,,3,SUR,-2.41,
TQBR,2016-04-29,јбрауƒюрсо,ABRD,61,1998700,82.5,80.0,83.0,81.0,81.0,81.0,24600,81.0,81.0,81.0,1998700,1998700,1998700,,3,SUR,0.0,
TQBR,2016-05-04,јбрауƒюрсо,ABRD,17,170550,82.0,80.5,82.5,82.0,81.0,82.5,2100,,81.0,82.0,0,1394000,0,,3,SUR,1.85,
TQBR,2016-05-05,јбрауƒюрсо,ABRD,7,66050,82.5,82.0,83.0,83.0,82.5,83.0,800,,81.0,83.0,0,1460050,0,,3,SUR,0.61,
TQBR,2016-05-06,јбрауƒюрсо,ABRD,6,49750,83.0,82.0,83.5,82.0,83.0,82.0,600,,81.5,82.0,0,513250,0,,3,SUR,-1.2,
TQBR,2016-05-10,јбрауƒюрсо,ABRD,17,167900,84.0,83.0,84.5,83.0,84.0,83.0,2000,,82.5,83.0,0,510950,0,,3,SUR,1.22,
TQBR,2016-05-11,јбрауƒюрсо,ABRD,3,25150,84.0,83.5,84.0,83.5,84.0,83.5,300,,82.5,83.5,0,536100,0,,3,SUR,0.6,
TQBR,2016-05-12,јбрауƒюрсо,ABRD,2,16700,83.0,83.0,84.0,84.0,83.5,84.0,200,,82.5,84.0,0,504200,0,,3,SUR,0.6,
TQBR,2016-05-13,јбрауƒюрсо,ABRD,11,168200,84.5,83.5,84.5,84.0,84.0,83.5,2000,,83.5,84.0,0,502000,0,,3,SUR,-0.6,
TQBR,2016-05-16,јбрауƒюрсо,ABRD,2,16800,84.5,83.5,84.5,83.5,84.0,83.5,200,,83.5,83.5,0,502300,0,,3,SUR,0.0,
TQBR,2016-05-17,јбрауƒюрсо,ABRD,49,1039800,84.5,83.5,88.0,85.0,85.0,85.0,12200,85.0,85.0,85.0,1039800,1039800,1039800,,3,SUR,1.8,
TQBR,2016-05-18,јбрауƒюрсо,ABRD,6,93400,84.5,84.5,85.0,85.0,85.0,85.0,1100,85.0,85.5,85.0,1133200,504150,1133200,,3,SUR,0.0,
TQBR,2016-05-19,јбрауƒюрсо,ABRD,5,83200,83.5,83.0,84.0,84.0,83.0,84.0,1000,,85.0,84.0,0,500350,0,,3,SUR,-1.18,
TQBR,2016-05-20,јбрауƒюрсо,ABRD,25,362600,83.0,82.0,83.5,83.5,82.5,83.5,4400,,83.0,83.5,0,505300,0,,3,SUR,-0.6,
TQBR,2016-05-23,јбрауƒюрсо,ABRD,7,106750,82.5,82.0,82.5,82.0,82.0,82.0,1300,,82.5,82.0,0,519250,0,,3,SUR,-1.8,
TQBR,2016-05-24,јбрауƒюрсо,ABRD,3,58050,83.0,82.5,83.0,82.5,83.0,82.5,700,,82.5,82.5,0,510800,0,,3,SUR,0.61,
TQBR,2016-05-25,јбрауƒюрсо,ABRD,14,266900,82.5,82.0,84.5,83.0,83.5,83.0,3200,,83.0,83.0,0,506350,0,,3,SUR,0.61,
TQBR,2016-05-26,јбрауƒюрсо,ABRD,8,141050,83.0,82.5,84.0,83.5,83.0,84.0,1700,,83.0,83.5,0,507000,0,,3,SUR,1.2,
TQBR,2016-05-27,јбрауƒюрсо,ABRD,7,173350,83.0,82.0,83.0,82.5,82.5,82.5,2100,,83.0,82.5,0,523200,0,,3,SUR,-1.79,
TQBR,2016-05-30,јбрауƒюрсо,ABRD,6,57800,83.0,82.0,83.0,82.0,82.5,82.0,700,,83.0,82.0,0,539000,0,,3,SUR,-0.61,
TQBR,2016-05-31,јбрауƒюрсо,ABRD,16,146950,82.5,80.5,82.5,82.5,81.5,82.5,1800,,82.5,82.5,0,502550,0,,3,SUR,0.61,
TQBR,2016-06-01,јбрауƒюрсо,ABRD,5,40750,81.5,81.0,82.0,82.0,81.5,82.0,500,,82.5,82.0,0,502050,0,,3,SUR,-0.61,
TQBR,2016-06-02,јбрауƒюрсо,ABRD,9,81100,81.5,80.5,81.5,81.0,81.0,81.0,1000,,82.0,81.0,0,508350,0,,3,SUR,-1.22,
TQBR,2016-06-03,јбрауƒюрсо,ABRD,7,81500,81.0,81.0,82.5,82.0,81.5,82.5,1000,,82.0,82.0,0,581450,0,,3,SUR,1.85,
TQBR,2016-06-06,јбрауƒюрсо,ABRD,2,16450,82.5,82.0,82.5,82.0,82.5,82.0,200,,81.5,82.0,0,506650,0,,3,SUR,-0.61,
TQBR,2016-06-07,јбрауƒюрсо,ABRD,8,74050,82.5,81.5,83.0,81.5,82.5,81.5,900,,82.0,81.5,0,506850,0,,3,SUR,-0.61,
TQBR,2016-06-08,јбрауƒюрсо,ABRD,2,16500,82.5,82.5,82.5,82.5,82.5,82.5,200,,82.0,82.5,0,515100,0,,3,SUR,1.23,
TQBR,2016-06-09,јбрауƒюрсо,ABRD,15,244500,82.5,81.0,82.5,81.5,81.5,81.5,3000,,81.5,81.5,0,514100,0,,3,SUR,-1.21,
TQBR,2016-06-10,јбрауƒюрсо,ABRD,1,16200,81.0,81.0,81.0,81.0,81.0,81.0,200,,81.5,81.0,0,505900,0,,3,SUR,-0.61,
