BOARDID,TRADEDATE,SHORTNAME,SECID,NUMTRADES,VALUE,OPEN,LOW,HIGH,LEGALCLOSEPRICE,WAPRICE,CLOSE,VOLUME,MARKETPRICE2,MARKETPRICE3,ADMITTEDQUOTE,MP2VALTRD,MARKETPRICE3TRADESVALUE,ADMITTEDVALUE,WAVAL,TRADINGSESSION,CURRENCYID,TRENDCLSPR,TRADE_SESSION_DATE
TQBR,2023-10-13,Àסענא אמ,ASTR,10927,398587014.0,466.2,466.2,466.2,466.2,375.45,466.2,854970,466.2,466.2,,398587014.0,398587014.0,,0,3,SUR,,
TQBR,2023-10-16,Àסענא אמ,ASTR,377824,10931549315.4,512.8,502.0,651.7,560.0,560.95,560.0,19488378,560.95,560.95,,10931549315.4,10931549315.4,,0,3,SUR,20.12,
TQBR,2023-10-17,Àסענא אמ,ASTR,139702,3175043690.55,569.65,524.0,590.0,531.6,553.15,531.6,5739684,553.15,553.15,,3175043690.55,3175043690.55,,0,3,SUR,-5.07,
TQBR,2023-10-18,Àסענא אמ,ASTR,94896,1710731159.75,531.6,502.35,536.3,506.0,513.05,506.0,3334286,513.05,513.05,,1710731159.75,1710731159.75,,0,3,SUR,-4.82,
TQBR,2023-10-19,Àסענא אמ,ASTR,48832,826340238.25,506.0,495.15,514.5,502.7,502.9,502.7,1643222,502.9,502.9,,826340238.25,826340238.25,,0,3,SUR,-0.65,
TQBR,2023-10-20,Àסענא אמ,ASTR,42129,657426601.7,505.9,480.1,506.1,480.75,488.55,480.75,1345640,488.55,488.55,,657426601.7,657426601.7,,0,3,SUR,-4.37,
TQBR,2023-10-23,Àסענא אמ,ASTR,83778,1811719789.7,477.0,467.0,522.8,497.7,495.45,497.7,3655751,495.6,495.6,,1811719789.7,1811719789.7,,0,3,SUR,3.53,
TQBR,2023-10-24,Àסענא אמ,ASTR,37729,582167410.1,498.05,495.0,512.65,501.0,504.3,501.0,1154452,504.3,504.3,,582167410.1,582167410.1,,0,3,SUR,0.66,
TQBR,2023-10-25,Àסענא אמ,ASTR,22890,441195847.65,501.2,491.0,515.0,505.5,506.0,505.5,871663,506.15,506.15,,441195847.65,441195847.65,,0,3,SUR,0.9,
TQBR,2023-10-26,Àסענא אמ,ASTR,59317,532758431.85,505.5,503.0,521.2,503.45,513.65,503.45,1037604,513.45,513.45,,532758431.85,532758431.85,,0,3,SUR,-0.41,
TQBR,2023-10-27,Àסענא אמ,ASTR,17067,206303578.15,503.45,493.5,507.75,499.1,500.8,499.1,411928,500.8,500.8,,206303578.15,206303578.15,,0,3,SUR,-0.86,
TQBR,2023-10-30,Àסענא אמ,ASTR,18885,214862574.25,497.2,480.2,500.05,491.0,490.2,491.0,438334,490.2,490.2,,214862574.25,214862574.25,,0,3,SUR,-1.62,
TQBR,2023-10-31,Àסענא אמ,ASTR,21972,250730277.45,491.0,475.05,504.7,488.0,489.05,488.0,512710,489.05,489.05,,250730277.45,250730277.45,,0,3,SUR,-0.61,
TQBR,2023-11-01,Àסענא אמ,ASTR,12384,160049237.7,491.0,488.0,504.8,493.25,497.2,493.25,321887,497.2,497.2,,160049237.7,160049237.7,,0,3,SUR,1.08,
TQBR,2023-11-02,Àסענא אמ,ASTR,19132,258171531.7,495.95,490.4,506.0,490.5,500.0,490.5,516333,500.0,500.0,,258171531.7,258171531.7,,0,3,SUR,-0.56,
TQBR,2023-11-03,Àסענא אמ,ASTR,10653,110807626.2,493.25,491.0,501.6,496.0,497.8,496.0,222588,497.8,497.8,,110807626.2,110807626.2,,0,3,SUR,1.12,
TQBR,2023-11-06,Àסענא אמ,ASTR,21349,344685460.1,497.95,496.2,518.0,516.95,510.15,516.95,675679,510.15,510.15,,344685460.1,344685460.1,,0,3,SUR,4.22,
TQBR,2023-11-07,Àסענא אמ,ASTR,28278,466420441.8,518.95,511.0,531.9,515.15,521.75,515.15,893920,521.75,521.75,,466420441.8,466420441.8,,0,3,SUR,-0.35,
TQBR,2023-11-08,Àסענא אמ,ASTR,10018,102580364.3,515.4,507.4,517.0,510.25,510.9,510.25,200775,510.9,510.9,,102580364.3,102580364.3,,0,3,SUR,-0.95,
TQBR,2023-11-09,Àסענא אמ,ASTR,10180,102381921.65,508.0,500.0,511.0,505.75,505.75,505.75,202443,505.75,505.75,,102381921.65,102381921.65,,0,3,SUR,-0.88,
TQBR,2023-11-10,Àסענא אמ,ASTR,12150,145196282.75,505.75,496.5,508.75,502.75,502.85,507.05,288738,502.55,502.55,,131435652.7,131435652.7,,0,3,SUR,0.26,
TQBR,2023-11-13,Àסענא אמ,ASTR,10719,127950655.45,509.0,500.0,511.75,501.3,502.7,501.5,254515,502.9,502.9,,113734635.6,113734635.6,,0,3,SUR,-1.09,
TQBR,2023-11-14,Àסענא אמ,ASTR,17842,244938246.85,501.5,490.0,511.9,500.5,503.0,502.85,486941,503.1,503.1,,229343823.8,229343823.8,,0,3,SUR,0.27,
TQBR,2023-11-15,Àסענא אמ,ASTR,9765,128098173.25,502.0,497.0,505.7,504.0,501.1,503.7,255628,500.75,500.75,,114539845.75,114539845.75,,0,3,SUR,0.17,
TQBR,2023-11-16,Àסענא אמ,ASTR,27907,507336034.8,500.05,500.05,519.85,511.65,515.4,516.45,984324,515.45,515.45,,479361411.95,479361411.95,,0,3,SUR,2.53,
TQBR,2023-11-17,Àסענא אמ,ASTR,42699,728123295.65,517.3,509.0,540.0,530.45,529.6,533.45,1374837,526.6,526.6,,505181237.5,505181237.5,,0,3,SUR,3.29,
TQBR,2023-11-20,Àסענא אמ,ASTR,46140,838266708.05,537.3,512.0,550.0,515.0,528.35,517.15,1586643,529.0,529.0,,792507574.45,792507574.45,,0,3,SUR,-3.06,
TQBR,2023-11-21,Àסענא אמ,ASTR,18495,250987176.55,513.5,506.0,522.0,514.35,512.55,515.15,489635,512.25,512.25,,228345535.75,228345535.75,,0,3,SUR,-0.39,
TQBR,2023-11-22,Àסענא אמ,ASTR,17228,162234539.75,515.15,509.0,516.9,512.5,512.6,513.35,316507,512.55,512.55,,150973893.35,150973893.35,,0,3,SUR,-0.35,
TQBR,2023-11-23,Àסענא אמ,ASTR,11213,144331424.85,513.35,506.05,513.35,509.6,509.35,509.45,283370,509.45,509.45,,125386745.4,125386745.4,,0,3,SUR,-0.76,
TQBR,2023-11-24,Àסענא אמ,ASTR,11585,119585307.2,511.75,501.05,511.75,505.85,505.7,508.2,236478,505.55,505.55,,109333020.2,109333020.2,,0,3,SUR,-0.25,
TQBR,2023-11-27,Àסענא אמ,ASTR,24499,294386706.65,508.0,480.0,508.15,492.75,494.9,492.5,594848,495.05,495.05,,277105186.0,277105186.0,,0,3,SUR,-3.09,
TQBR,2023-11-28,Àסענא אמ,ASTR,20624,223601277.3,490.5,481.3,494.0,485.75,486.1,492.45,459986,485.65,485.65,,200664451.7,200664451.7,,0,3,SUR,-0.01,
TQBR,2023-11-29,Àסענא אמ,ASTR,10826,108066307.75,492.45,485.0,493.9,487.9,487.8,485.65,221533,488.1,488.1,,93353210.5,93353210.5,,0,3,SUR,-1.38,
TQBR,2023-11-30,Àסענא אמ,ASTR,16221,137945501.85,488.05,478.55,488.05,481.3,482.35,481.0,285992,482.85,482.85,,108024734.2,108024734.2,,0,3,SUR,-0.96,
TQBR,2023-12-01,Àסענא אמ,ASTR,14294,137322567.2,483.05,470.0,483.05,473.0,475.0,476.4,289104,475.15,475.15,,109254095.8,109254095.8,,0,3,SUR,-0.96,
TQBR,2023-12-04,Àסענא אמ,ASTR,13642,140731864.95,476.0,461.0,477.95,468.2,469.9,464.4,299503,470.9,470.9,,117579961.35,117579961.35,,0,3,SUR,-2.52,
TQBR,2023-12-05,Àסענא אמ,ASTR,8543,114034770.9,464.45,464.45,477.95,469.35,470.15,477.9,242551,469.45,469.45,,94720536.8,94720536.8,,0,3,SUR,2.91,
TQBR,2023-12-06,Àסענא אמ,ASTR,13417,161417591.9,478.7,459.05,480.9,463.0,466.05,461.8,346340,467.5,467.5,,121236444.6,121236444.6,,0,3,SUR,-3.37,
TQBR,2023-12-07,Àסענא אמ,ASTR,22507,328833962.45,461.8,450.0,480.0,464.2,465.85,467.05,705572,466.05,466.05,,312696396.75,312696396.75,,0,3,SUR,1.14,
TQBR,2023-12-08,Àסענא אמ,ASTR,9510,100271898.45,466.85,460.0,473.25,461.1,463.55,461.9,216319,463.65,463.65,,93289721.3,93289721.3,,0,3,SUR,-1.1,
TQBR,2023-12-11,Àסענא אמ,ASTR,17753,168776911.5,464.2,444.0,468.6,451.0,453.15,450.0,372445,453.8,453.8,,134677131.3,134677131.3,,0,3,SUR,-2.58,
TQBR,2023-12-12,Àסענא אמ,ASTR,14281,144375241.0,453.0,445.0,454.8,447.95,449.9,450.2,320893,449.9,449.9,,124291822.75,124291822.75,,0,3,SUR,0.04,
TQBR,2023-12-13,Àסענא אמ,ASTR,12643,126194209.65,450.0,446.7,464.5,462.75,458.65,463.9,275147,458.35,458.35,,117681766.5,117681766.5,,0,3,SUR,3.04,
TQBR,2023-12-14,Àסענא אמ,ASTR,16029,173601303.8,466.0,460.3,477.3,470.35,471.7,470.0,368015,472.5,472.5,,140728882.85,140728882.85,,0,3,SUR,1.31,
TQBR,2023-12-15,Àסענא אמ,ASTR,12110,159503454.85,470.0,458.25,487.4,477.7,477.8,474.7,333832,477.55,477.55,,130373237.5,130373237.5,,0,3,SUR,1.0,
TQBR,2023-12-18,Àסענא אמ,ASTR,15227,224259957.75,476.0,476.0,494.3,488.9,488.05,493.0,459518,487.5,487.5,,187909758.8,187909758.8,,0,3,SUR,3.86,
TQBR,2023-12-19,Àסענא אמ,ASTR,17479,237299740.6,492.0,487.5,499.55,493.2,496.6,495.9,478325,496.15,496.15,,218582183.15,218582183.15,,0,3,SUR,0.59,
TQBR,2023-12-20,Àסענא אמ,ASTR,32674,518741495.1,499.6,496.3,523.7,518.4,514.8,517.0,1007447,514.75,514.75,,464948330.8,464948330.8,,0,3,SUR,4.25,
TQBR,2023-12-21,Àסענא אמ,ASTR,13877,185645330.75,517.0,505.65,519.0,509.0,512.45,511.0,362284,512.5,512.5,,164061534.35,164061534.35,,0,3,SUR,-1.16,
TQBR,2023-12-22,Àסענא אמ,ASTR,8944,119090081.05,508.0,507.7,523.7,515.5,518.25,516.4,229934,518.1,518.1,,106684089.65,106684089.65,,0,3,SUR,1.06,
TQBR,2023-12-25,Àסענא אמ,ASTR,14347,251204165.3,517.4,507.15,529.55,518.6,520.6,519.3,482548,520.6,520.6,,235358573.85,235358573.85,,0,3,SUR,0.56,
TQBR,2023-12-26,Àסענא אמ,ASTR,8619,98212035.85,522.8,507.05,522.8,508.2,512.2,510.3,191738,512.65,512.65,,83322053.1,83322053.1,,0,3,SUR,-1.73,
TQBR,2023-12-27,Àסענא אמ,ASTR,8607,84700612.35,510.05,500.4,512.3,500.75,505.6,503.7,167527,505.8,505.8,,69922394.75,69922394.75,,0,3,SUR,-1.29,
TQBR,2023-12-28,Àסענא אמ,ASTR,9352,115746214.35,503.75,493.05,517.0,496.45,501.35,496.6,230872,501.7,501.7,,99547887.6,99547887.6,,0,3,SUR,-1.41,
TQBR,2023-12-29,Àסענא אמ,ASTR,6067,61391974.95,501.5,497.85,507.1,500.15,503.7,501.5,121887,503.8,503.8,,46193256.3,46193256.3,,0,3,SUR,0.99,
TQBR,2024-01-03,Àסענא אמ,ASTR,6474,81092253.85,506.35,502.25,515.9,512.35,512.0,513.1,158386,511.6,511.6,,68656774.6,68656774.6,,0,3,SUR,2.31,
TQBR,2024-01-04,Àסענא אמ,ASTR,4579,54095755.45,515.15,506.0,516.8,510.7,512.75,512.0,105504,512.8,512.8,,50267857.8,50267857.8,,0,3,SUR,-0.21,
TQBR,2024-01-05,Àסענא אמ,ASTR,5481,79641718.75,513.0,508.1,518.95,512.0,513.8,514.6,155010,514.05,514.05,,65960962.4,65960962.4,,0,3,SUR,0.51,
TQBR,2024-01-08,Àסענא אמ,ASTR,7938,112002485.2,514.05,510.65,521.6,517.6,518.4,520.25,216047,518.1,518.1,,87619404.35,87619404.35,,0,3,SUR,1.1,
TQBR,2024-01-09,Àסענא אמ,ASTR,31039,552009117.6,520.3,513.3,541.8,529.7,530.7,533.0,1040106,523.2,523.2,,220903601.35,220903601.35,,0,3,SUR,2.45,
TQBR,2024-01-10,Àסענא אמ,ASTR,17302,252947798.4,533.0,522.85,544.0,531.1,532.3,525.6,475176,533.9,533.9,,192185603.75,192185603.75,,0,3,SUR,-1.39,
TQBR,2024-01-11,Àסענא אמ,ASTR,13645,187688564.55,528.0,515.25,531.15,519.8,521.1,522.1,360168,520.95,520.95,,156985654.75,156985654.75,,0,3,SUR,-0.67,
TQBR,2024-01-12,Àסענא אמ,ASTR,13276,178652394.3,523.7,516.55,533.75,529.1,528.0,524.9,338344,528.55,528.55,,154029480.3,154029480.3,,0,3,SUR,0.54,
TQBR,2024-01-15,Àסענא אמ,ASTR,7439,78299477.6,529.5,521.0,531.8,523.2,526.35,526.55,148753,526.75,526.75,,65682133.65,65682133.65,,0,3,SUR,0.31,
TQBR,2024-01-16,Àסענא אמ,ASTR,8154,94079276.65,526.6,518.0,527.85,520.0,522.75,524.05,179969,522.5,522.5,,71450228.8,71450228.8,,0,3,SUR,-0.47,
TQBR,2024-01-17,Àסענא אמ,ASTR,7842,101789367.35,524.5,519.55,529.6,522.25,525.1,525.3,193849,525.2,525.2,,91462948.45,91462948.45,,0,3,SUR,0.24,
TQBR,2024-01-18,Àסענא אמ,ASTR,5875,77024302.1,527.0,521.6,528.8,523.05,525.7,522.95,146519,526.0,526.0,,65972011.35,65972011.35,,0,3,SUR,-0.45,
TQBR,2024-01-19,Àסענא אמ,ASTR,6411,77565408.5,523.4,516.55,523.65,518.5,519.3,517.85,149361,519.55,519.55,,66859705.05,66859705.05,,0,3,SUR,-0.98,
TQBR,2024-01-22,Àסענא אמ,ASTR,17730,315892124.05,520.9,510.75,527.45,524.0,521.3,526.05,605994,520.9,520.9,,291830362.15,291830362.15,,0,3,SUR,1.58,
TQBR,2024-01-23,Àסענא אמ,ASTR,29048,621117605.85,528.45,521.9,548.85,534.7,537.05,542.75,1154900,537.55,537.55,,543165563.4,543165563.4,,0,3,SUR,3.17,
TQBR,2024-01-24,Àסענא אמ,ASTR,11732,187321573.25,544.8,534.2,546.0,539.5,539.65,542.5,347110,539.2,539.2,,148576138.25,148576138.25,,0,3,SUR,-0.05,
TQBR,2024-01-25,Àסענא אמ,ASTR,13570,154427148.1,545.0,535.65,547.65,537.85,540.1,537.5,285919,540.45,540.45,,134583128.85,134583128.85,,0,3,SUR,-0.92,
TQBR,2024-01-26,Àסענא אמ,ASTR,45320,1023105301.45,538.95,535.0,568.7,550.55,554.2,567.95,1846125,546.75,546.75,,462695350.45,462695350.45,,0,3,SUR,5.67,
TQBR,2024-01-29,Àסענא אמ,ASTR,41723,929514441.2,570.0,550.9,581.7,558.7,563.75,561.0,1648746,564.6,564.6,,825154560.8,825154560.8,,0,3,SUR,-1.22,
TQBR,2024-01-30,Àסענא אמ,ASTR,15353,262226849.6,563.0,551.2,567.7,556.1,555.15,554.5,472337,554.85,554.85,,198710278.55,198710278.55,,0,3,SUR,-1.16,
TQBR,2024-01-31,Àסענא אמ,ASTR,32381,691437314.45,558.0,554.0,574.0,563.6,564.55,563.3,1224723,562.65,562.65,,465276950.9,465276950.9,,0,3,SUR,1.59,
TQBR,2024-02-01,Àסענא אמ,ASTR,23569,348593417.05,565.5,544.15,565.5,557.9,556.15,553.1,626772,560.9,560.9,,162585914.9,162585914.9,,0,3,SUR,-1.81,
TQBR,2024-02-02,Àסענא אמ,ASTR,10520,136004990.4,553.1,545.75,557.7,553.7,551.2,551.6,246744,551.1,551.1,,115179737.2,115179737.2,,0,3,SUR,-0.27,
TQBR,2024-02-05,Àסענא אמ,ASTR,9193,128076613.25,551.7,551.6,562.0,557.7,556.65,558.6,230076,555.75,555.75,,89599532.75,89599532.75,,0,3,SUR,1.27,
TQBR,2024-02-06,Àסענא אמ,ASTR,10162,152440461.2,560.35,551.65,563.65,553.5,555.7,554.85,274319,555.85,555.85,,139151652.05,139151652.05,,0,3,SUR,-0.67,
TQBR,2024-02-07,Àסענא אמ,ASTR,11319,190051947.8,555.0,547.6,555.8,552.0,551.75,553.9,344451,551.4,551.4,,159494112.55,159494112.55,,0,3,SUR,-0.17,
TQBR,2024-02-08,Àסענא אמ,ASTR,13227,186678236.5,555.0,541.15,555.45,546.55,547.35,542.75,341073,548.4,548.4,,140308649.1,140308649.1,,0,3,SUR,-2.01,
TQBR,2024-02-09,Àסענא אמ,ASTR,12556,181266096.35,541.2,533.0,547.65,535.0,539.3,541.05,336126,538.65,538.65,,132056292.0,132056292.0,,0,3,SUR,-0.31,
TQBR,2024-02-12,Àסענא אמ,ASTR,34418,609845490.65,544.3,541.4,569.85,564.7,559.55,569.15,1089876,558.35,558.35,,504569913.4,504569913.4,,0,3,SUR,5.19,
TQBR,2024-02-13,Àסענא אמ,ASTR,45520,892593335.5,568.8,560.8,587.7,572.0,574.0,569.25,1555039,574.3,574.3,,767601585.0,767601585.0,,0,3,SUR,0.02,
TQBR,2024-02-14,Àסענא אמ,ASTR,23695,354450319.45,571.0,555.2,572.5,555.2,561.1,560.4,631377,561.65,561.65,,301862621.35,301862621.35,,0,3,SUR,-1.55,
TQBR,2024-02-15,Àסענא אמ,ASTR,9000,147301837.7,562.05,555.05,564.8,559.1,559.8,559.4,263142,559.8,559.8,,126757192.7,126757192.7,,0,3,SUR,-0.18,
TQBR,2024-02-16,Àסענא אמ,ASTR,9726,191070522.25,559.5,556.0,567.35,561.45,562.95,559.4,339412,563.25,563.25,,172410854.75,172410854.75,,0,3,SUR,0.0,
TQBR,2024-02-19,Àסענא אמ,ASTR,7082,100524884.6,561.2,558.2,565.0,560.45,562.3,561.6,178771,562.35,562.35,,83473134.3,83473134.3,,0,3,SUR,0.39,
TQBR,2024-02-20,Àסענא אמ,ASTR,14702,231763473.35,561.6,541.0,562.15,549.05,550.0,543.35,421386,553.3,553.3,,144232283.0,144232283.0,,0,3,SUR,-3.25,
TQBR,2024-02-21,Àסענא אמ,ASTR,12487,169654891.3,540.1,528.5,551.4,545.0,539.8,539.9,314302,539.65,539.65,,141574615.45,141574615.45,,0,3,SUR,-0.63,
TQBR,2024-02-22,Àסענא אמ,ASTR,7844,90532939.3,539.9,535.55,549.0,541.05,543.55,545.0,166555,544.05,544.05,,76209006.5,76209006.5,,0,3,SUR,0.94,
TQBR,2024-02-26,Àסענא אמ,ASTR,8158,132494993.1,547.0,547.0,562.9,559.0,557.2,559.85,237796,556.55,556.55,,111629362.7,111629362.7,,0,3,SUR,2.72,
TQBR,2024-02-27,Àסענא אמ,ASTR,8528,185958952.4,563.0,555.6,569.75,562.3,562.55,567.15,330553,561.55,561.55,,132959385.7,132959385.7,,0,3,SUR,1.3,
TQBR,2024-02-28,Àסענא אמ,ASTR,10360,141667277.95,568.95,560.0,570.7,561.1,566.5,562.7,250074,566.85,566.85,,128958038.5,128958038.5,,0,3,SUR,-0.78,
TQBR,2024-02-29,Àסענא אמ,ASTR,12989,250272662.95,562.7,562.35,575.0,570.0,569.5,567.0,439465,569.6,569.6,,211442137.45,211442137.45,,0,3,SUR,0.76,
TQBR,2024-03-01,Àסענא אמ,ASTR,11211,206955097.8,570.3,566.0,578.85,571.6,573.85,572.85,360633,573.85,573.85,,176978487.55,176978487.55,,0,3,SUR,1.03,
TQBR,2024-03-04,Àסענא אמ,ASTR,15719,309100786.05,574.5,564.8,584.6,582.3,579.05,577.5,533787,579.85,579.85,,218837806.15,218837806.15,,0,3,SUR,0.81,
TQBR,2024-03-05,Àסענא אמ,ASTR,9741,231710920.1,578.5,568.0,580.0,573.0,574.15,570.15,403677,574.25,574.25,,208690942.1,208690942.1,,0,3,SUR,-1.27,
TQBR,2024-03-06,Àסענא אמ,ASTR,9222,143810190.55,570.0,565.6,575.75,567.9,569.6,566.95,252449,569.75,569.75,,135640020.95,135640020.95,,0,3,SUR,-0.56,
TQBR,2024-03-07,Àסענא אמ,ASTR,8538,154968369.55,569.0,557.0,574.95,574.4,568.8,573.5,272453,568.1,568.1,,133096218.8,133096218.8,,0,3,SUR,1.16,
TQBR,2024-03-11,Àסענא אמ,ASTR,9878,126188227.8,575.0,557.7,579.4,568.95,571.0,569.55,221000,571.1,571.1,,118557138.15,118557138.15,,0,3,SUR,-0.69,
TQBR,2024-03-12,Àסענא אמ,ASTR,4320,53596515.45,567.05,564.5,570.55,570.4,568.15,568.8,94339,568.05,568.05,,45470426.8,45470426.8,,0,3,SUR,-0.13,
TQBR,2024-03-13,Àסענא אמ,ASTR,14474,116031762.5,568.8,560.4,570.1,562.95,563.9,563.5,205759,564.05,564.05,,103357560.25,103357560.25,,0,3,SUR,-0.93,
TQBR,2024-03-14,Àסענא אמ,ASTR,10659,162887665.7,563.4,550.75,563.4,555.85,555.65,555.5,293139,555.75,555.75,,153921943.55,153921943.55,,0,3,SUR,-1.42,
TQBR,2024-03-15,Àסענא אמ,ASTR,7912,71523979.0,555.5,553.95,562.2,556.65,557.85,561.3,128217,557.45,557.45,,54427903.05,54427903.05,,0,3,SUR,1.04,
TQBR,2024-03-18,Àסענא אמ,ASTR,11938,124723475.95,564.0,553.5,564.95,561.8,559.85,563.5,222782,559.6,559.6,,108540219.8,108540219.8,,0,3,SUR,0.39,
TQBR,2024-03-19,Àסענא אמ,ASTR,13594,174662160.4,564.55,560.35,572.0,565.5,567.45,564.2,307801,567.8,567.8,,154699875.45,154699875.45,,0,3,SUR,0.12,
TQBR,2024-03-20,Àסענא אמ,ASTR,19481,134808687.4,564.2,564.2,576.15,573.0,571.0,575.75,236102,570.4,570.4,,94505865.7,94505865.7,,0,3,SUR,2.05,
TQBR,2024-03-21,Àסענא אמ,ASTR,92946,1712607515.7,570.2,570.2,618.0,613.0,602.7,611.0,2841640,600.05,600.05,,1338936718.8,1338936718.8,,0,3,SUR,6.12,
TQBR,2024-03-22,Àסענא אמ,ASTR,36892,714693644.8,614.85,580.05,618.75,605.0,600.0,596.4,1191178,604.05,604.05,,487629167.9,487629167.9,,0,3,SUR,-2.39,
TQBR,2024-03-25,Àסענא אמ,ASTR,64194,1510409213.95,598.0,596.4,657.5,643.95,634.35,650.2,2378744,628.2,628.2,,996808520.65,996808520.65,,0,3,SUR,9.02,
TQBR,2024-03-26,Àסענא אמ,ASTR,140626,3917718057.25,660.0,651.65,715.95,696.6,692.6,713.0,5656494,690.8,690.8,,3390682425.5,3390682425.5,,0,3,SUR,9.66,
TQBR,2024-03-27,Àסענא אמ,ASTR,95831,3186559956.8,718.0,674.8,722.95,680.0,692.05,676.0,4604578,692.6,692.6,,3010517578.0,3010517578.0,,0,3,SUR,-5.19,
TQBR,2024-03-28,Àסענא אמ,ASTR,50014,1180377921.9,674.0,658.55,691.7,668.3,674.8,667.0,1749253,676.65,676.65,,1011739563.95,1011739563.95,,0,3,SUR,-1.33,
TQBR,2024-03-29,Àסענא אמ,ASTR,37045,1019121521.55,667.0,667.0,697.0,692.2,686.05,694.9,1485473,683.65,683.65,,773825890.65,773825890.65,,0,3,SUR,4.18,
TQBR,2024-04-01,Àסענא אמ,ASTR,45009,1373951493.8,700.05,678.9,716.3,680.0,696.95,693.95,1970943,697.75,697.75,,1242050111.4,1242050111.4,,0,3,SUR,-0.14,
TQBR,2024-04-02,Àסענא אמ,ASTR,43455,1252981858.2,698.75,668.25,702.2,688.0,686.7,681.5,1824525,688.55,688.55,,973160973.95,973160973.95,,0,3,SUR,-1.79,
TQBR,2024-04-03,Àסענא אמ,ASTR,34532,476468061.1,689.9,669.0,689.9,673.0,677.15,671.1,703659,678.25,678.25,,386290274.9,386290274.9,,0,3,SUR,-1.53,
TQBR,2024-04-04,Àסענא אמ,ASTR,47096,1112548275.85,670.0,645.05,682.3,671.2,659.85,665.85,1686046,659.3,659.3,,1037798792.05,1037798792.05,,0,3,SUR,-0.78,
TQBR,2024-04-05,Àסענא אמ,ASTR,17524,380246922.85,665.8,655.6,678.35,661.6,668.95,663.5,568432,669.65,669.65,,330390582.8,330390582.8,,0,3,SUR,-0.35,
TQBR,2024-04-08,Àסענא אמ,ASTR,28163,335688878.8,663.0,653.25,671.85,659.9,661.8,658.15,507219,662.25,662.25,,298215631.9,298215631.9,,0,3,SUR,-0.81,
TQBR,2024-04-09,Àסענא אמ,ASTR,100952,2050433675.7,655.35,612.0,656.25,616.5,629.8,622.2,3253352,633.1,633.1,,1678688988.3,1678688988.3,,0,3,SUR,-5.46,
TQBR,2024-04-10,Àסענא אמ,ASTR,51879,1171190728.7,622.2,605.0,644.3,639.0,624.0,636.1,1876939,621.0,621.0,,956389565.6,956389565.6,,0,3,SUR,2.23,
TQBR,2024-04-11,Àסענא אמ,ASTR,33665,604306853.85,636.3,620.0,645.05,622.75,630.95,627.05,957800,631.65,631.65,,428299760.25,428299760.25,,0,3,SUR,-1.42,
TQBR,2024-04-12,Àסענא אמ,ASTR,24766,395416068.1,625.0,617.0,632.75,620.0,624.15,622.5,633552,624.65,624.65,,321540267.65,321540267.65,,0,3,SUR,-0.73,
TQBR,2024-04-15,Àסענא אמ,ASTR,41655,868410619.15,617.95,606.65,621.8,612.0,612.8,613.5,1417137,612.8,612.8,,799285323.1,799285323.1,,0,3,SUR,-1.45,
TQBR,2024-04-16,Àסענא אמ,ASTR,44145,933259805.1,613.4,607.7,621.5,612.2,614.0,608.0,1519947,615.2,615.2,,705539514.1,705539514.1,,0,3,SUR,-0.9,
TQBR,2024-04-17,Àסענא אמ,ASTR,82084,2357464544.8,592.0,578.6,602.65,593.9,592.5,581.25,3979759,594.75,594.75,,1733632970.15,1733632970.15,,0,3,SUR,-4.4,
TQBR,2024-04-18,Àסענא אמ,ASTR,126002,3560634174.85,575.0,572.0,604.9,593.55,589.0,598.0,6044307,587.7,587.7,,3092801944.9,3092801944.9,,0,3,SUR,2.88,
TQBR,2024-04-19,Àסענא אמ,ASTR,219354,6947525190.7,598.0,581.0,616.0,610.6,587.3,610.25,11555027,600.7,600.7,,6595599501.7,6595599501.7,,0,3,SUR,2.05,
TQBR,2024-04-22,Àסענא אמ,ASTR,103508,2741479307.25,614.85,612.0,639.5,632.05,625.9,636.2,4379803,625.1,625.1,,2419252800.2,2419252800.2,,0,3,SUR,4.25,
TQBR,2024-04-23,Àסענא אמ,ASTR,65127,1317111630.9,638.0,612.4,638.9,620.0,624.65,617.0,2108534,626.5,626.5,,1067380058.9,1067380058.9,,0,3,SUR,-3.02,
TQBR,2024-04-24,Àסענא אמ,ASTR,37743,922386839.8,617.55,608.2,628.8,610.8,617.45,613.75,1493257,618.25,618.25,,802688610.8,802688610.8,,0,3,SUR,-0.53,
TQBR,2024-04-25,Àסענא אמ,ASTR,26461,590527763.0,614.5,611.4,625.85,624.55,619.75,622.8,952869,619.35,619.35,,495827008.05,495827008.05,,0,3,SUR,1.47,
TQBR,2024-04-26,Àסענא אמ,ASTR,32933,769789883.95,622.95,621.2,635.0,627.6,628.3,625.5,1225156,628.5,628.5,,704437582.95,704437582.95,,0,3,SUR,0.43,
TQBR,2024-04-27,Àסענא אמ,ASTR,29353,504807983.4,627.0,615.55,627.55,619.75,622.4,617.95,811098,622.65,622.65,,447386490.25,447386490.25,,0,3,SUR,-1.21,
TQBR,2024-04-29,Àסענא אמ,ASTR,12768,204279044.15,618.0,616.85,623.95,617.5,619.25,618.3,329873,619.4,619.4,,172204867.85,172204867.85,,0,3,SUR,0.06,
TQBR,2024-04-30,Àסענא אמ,ASTR,17627,305435644.35,618.3,610.1,620.0,613.05,613.45,613.7,497901,613.5,613.5,,276306135.45,276306135.45,,0,3,SUR,-0.74,
TQBR,2024-05-02,Àסענא אמ,ASTR,56591,1202578978.2,606.0,601.0,628.9,622.05,617.65,628.8,1947050,615.5,615.5,,958793674.15,958793674.15,,0,3,SUR,2.46,
TQBR,2024-05-03,Àסענא אמ,ASTR,18460,382764603.35,629.0,616.0,631.95,616.0,621.7,621.0,615669,622.1,622.1,,335280647.6,335280647.6,,0,3,SUR,-1.24,
TQBR,2024-05-06,Àסענא אמ,ASTR,25970,381315786.7,620.95,609.25,624.75,613.25,614.2,611.6,620854,615.1,615.1,,277470155.25,277470155.25,,0,3,SUR,-1.51,
TQBR,2024-05-07,Àסענא אמ,ASTR,24091,331693681.9,613.0,609.6,621.0,613.5,615.5,617.25,538900,614.65,614.65,,234845977.0,234845977.0,,0,3,SUR,0.92,
TQBR,2024-05-08,Àסענא אמ,ASTR,12502,173757919.8,617.8,615.2,621.75,616.1,618.15,616.8,281094,618.5,618.5,,146465396.8,146465396.8,,0,3,SUR,-0.07,
TQBR,2024-05-10,Àסענא אמ,ASTR,11515,162929433.3,616.8,615.1,624.0,619.0,618.45,622.4,263451,617.4,617.4,,114578318.2,114578318.2,,0,3,SUR,0.91,
TQBR,2024-05-13,Àסענא אמ,ASTR,69628,1983324536.55,626.7,625.0,651.05,644.0,638.15,649.6,3107768,635.1,635.1,,1474585162.85,1474585162.85,,0,3,SUR,4.37,
TQBR,2024-05-14,Àסענא אמ,ASTR,39365,954548982.15,650.0,638.25,655.0,642.1,644.2,643.55,1481717,644.25,644.25,,885718372.4,885718372.4,,0,3,SUR,-0.93,
TQBR,2024-05-15,Àסענא אמ,ASTR,22749,456776225.4,645.75,632.25,647.0,639.5,639.3,640.35,714515,639.4,639.4,,406434776.9,406434776.9,,0,3,SUR,-0.5,
TQBR,2024-05-16,Àסענא אמ,ASTR,13393,284940177.05,642.15,637.35,646.0,638.6,640.9,639.4,444595,641.05,641.05,,244926825.4,244926825.4,,0,3,SUR,-0.15,
TQBR,2024-05-17,Àסענא אמ,ASTR,20809,462003178.65,638.8,628.8,641.85,634.55,634.7,632.15,727894,635.05,635.05,,379851058.7,379851058.7,,0,3,SUR,-1.13,
TQBR,2024-05-20,Àסענא אמ,ASTR,34144,802388985.6,633.0,617.0,634.1,620.6,622.3,621.2,1289056,622.65,622.65,,737294886.3,737294886.3,,0,3,SUR,-1.73,
TQBR,2024-05-21,Àסענא אמ,ASTR,27229,727564118.5,622.0,610.15,624.95,615.8,616.65,620.7,1179854,616.3,616.3,,624483697.5,624483697.5,,0,3,SUR,-0.08,
TQBR,2024-05-22,Àסענא אמ,ASTR,17274,499690360.45,621.35,618.85,629.85,625.4,624.9,625.0,799589,625.0,625.0,,450392135.95,450392135.95,,0,3,SUR,0.69,
TQBR,2024-05-23,Àסענא אמ,ASTR,13483,408215759.5,625.0,615.0,629.05,620.55,620.25,620.35,658195,620.1,620.1,,362924687.8,362924687.8,,0,3,SUR,-0.74,
TQBR,2024-05-24,Àסענא אמ,ASTR,16468,342164611.7,620.55,611.0,622.75,616.0,615.7,612.0,555722,616.15,616.15,,283969876.55,283969876.55,,0,3,SUR,-1.35,
TQBR,2024-05-27,Àסענא אמ,ASTR,36193,779941903.75,610.55,591.0,612.0,598.45,599.85,601.5,1298684,600.5,600.5,,721722303.9,721722303.9,,0,3,SUR,-1.72,
TQBR,2024-05-28,Àסענא אמ,ASTR,28184,559629746.15,602.15,595.15,607.95,602.95,602.35,598.95,929034,602.7,602.7,,501676258.2,501676258.2,,0,3,SUR,-0.42,
TQBR,2024-05-29,Àסענא אמ,ASTR,30163,607050142.6,599.8,585.0,610.85,590.35,591.5,597.7,1025966,590.4,590.4,,498725281.45,498725281.45,,0,3,SUR,-0.21,
TQBR,2024-05-30,Àסענא אמ,ASTR,15907,294524244.25,598.3,582.0,607.0,591.7,593.45,588.9,496293,597.6,597.6,,176619639.0,176619639.0,,0,3,SUR,-1.47,
TQBR,2024-05-31,Àסענא אמ,ASTR,26507,600971401.4,587.5,566.45,592.5,577.45,580.85,573.15,1035295,584.0,584.0,,439851426.3,439851426.3,,0,3,SUR,-2.67,
TQBR,2024-06-03,Àסענא אמ,ASTR,37245,757826896.8,573.85,550.0,582.75,573.55,564.55,577.95,1342392,563.1,563.1,,674108843.95,674108843.95,,0,3,SUR,0.84,
TQBR,2024-06-04,Àסענא אמ,ASTR,28672,503301565.25,577.95,575.05,604.95,596.0,590.9,604.8,851757,589.25,589.25,,424764860.15,424764860.15,,0,3,SUR,4.65,
TQBR,2024-06-05,Àסענא אמ,ASTR,20901,421816336.75,604.0,588.8,610.8,603.6,602.85,592.1,699731,604.6,604.6,,349239786.0,349239786.0,,0,3,SUR,-2.1,
TQBR,2024-06-06,Àסענא אמ,ASTR,16283,202258081.45,592.1,585.6,600.0,596.5,593.3,595.0,340905,592.95,592.95,,180650515.05,180650515.05,,0,3,SUR,0.49,
TQBR,2024-06-07,Àסענא אמ,ASTR,28387,622090524.1,595.0,591.55,616.2,614.7,607.05,605.7,1024773,606.75,606.75,,452129643.9,452129643.9,,0,3,SUR,1.8,
TQBR,2024-06-10,Àסענא אמ,ASTR,31268,472665984.75,610.25,582.8,615.0,588.0,599.3,593.05,788719,603.0,603.0,,354324672.35,354324672.35,,0,3,SUR,-2.09,
TQBR,2024-06-11,Àסענא אמ,ASTR,16635,467863318.3,593.0,585.0,598.3,593.0,592.4,596.45,789768,592.25,592.25,,436338686.3,436338686.3,,0,3,SUR,0.57,
TQBR,2024-06-13,Àסענא אמ,ASTR,28290,710926381.95,560.0,559.0,610.0,608.85,595.6,609.05,1193604,594.65,594.65,,652884239.7,652884239.7,,0,3,SUR,2.11,
TQBR,2024-06-14,Àסענא אמ,ASTR,28897,754171697.35,610.8,610.2,631.25,628.35,621.65,627.75,1209609,623.3,623.3,,707469982.1,707469982.1,,0,3,SUR,3.07,
TQBR,2024-06-17,Àסענא אמ,ASTR,24719,519544816.95,628.55,617.0,635.8,624.35,627.0,621.2,828597,628.7,628.7,,414868718.05,414868718.05,,0,3,SUR,-1.04,
TQBR,2024-06-18,Àסענא אמ,ASTR,26849,489965596.7,623.65,588.45,623.65,595.7,603.6,596.4,811139,606.95,606.95,,372271494.4,372271494.4,,0,3,SUR,-3.99,
TQBR,2024-06-19,Àסענא אמ,ASTR,24772,560892271.75,597.05,580.05,602.45,586.0,592.75,591.0,946617,593.85,593.85,,462857816.2,462857816.2,,0,3,SUR,-0.91,
TQBR,2024-06-20,Àסענא אמ,ASTR,20105,420916146.4,591.0,583.25,605.85,605.85,598.0,601.95,703805,597.75,597.75,,379721501.75,379721501.75,,0,3,SUR,1.85,
TQBR,2024-06-21,Àסענא אמ,ASTR,10469,161830236.55,602.0,586.0,605.85,596.3,597.55,594.0,270824,598.9,598.9,,121981492.2,121981492.2,,0,3,SUR,-1.32,
TQBR,2024-06-24,Àסענא אמ,ASTR,13765,240598276.95,598.95,583.0,600.25,585.2,590.1,587.45,407729,591.05,591.05,,202219495.0,202219495.0,,0,3,SUR,-1.1,
TQBR,2024-06-25,Àסענא אמ,ASTR,10265,158359080.5,587.45,581.0,591.6,590.25,586.75,590.75,269896,585.85,585.85,,122969646.0,122969646.0,,0,3,SUR,0.56,
TQBR,2024-06-26,Àסענא אמ,ASTR,9921,144712407.2,591.65,591.05,596.5,591.5,593.6,594.65,243788,593.7,593.7,,123664269.4,123664269.4,,0,3,SUR,0.66,
TQBR,2024-06-27,Àסענא אמ,ASTR,12308,164670808.1,594.95,585.35,595.05,591.5,588.75,589.2,279703,588.65,588.65,,147614019.35,147614019.35,,0,3,SUR,-0.92,
TQBR,2024-06-28,Àסענא אמ,ASTR,12225,183194931.35,590.2,582.05,592.0,582.1,585.0,582.2,313165,585.2,585.2,,167216936.2,167216936.2,,0,3,SUR,-1.19,
TQBR,2024-07-01,Àסענא אמ,ASTR,14657,202548091.25,582.2,576.35,584.0,577.8,578.9,579.75,349882,578.9,578.9,,183064943.95,183064943.95,,0,3,SUR,-0.42,
TQBR,2024-07-02,Àסענא אמ,ASTR,12241,159544360.15,579.85,579.1,586.8,582.65,581.85,584.85,274192,581.1,581.1,,118114268.55,118114268.55,,0,3,SUR,0.88,
TQBR,2024-07-03,Àסענא אמ,ASTR,18919,321614859.75,585.65,573.05,591.7,578.0,583.5,576.7,551185,585.45,585.45,,253175958.6,253175958.6,,0,3,SUR,-1.39,
TQBR,2024-07-04,Àסענא אמ,ASTR,22211,373044455.45,576.7,560.0,578.4,562.3,566.0,561.8,659095,566.5,566.5,,333310419.1,333310419.1,,0,3,SUR,-2.58,
TQBR,2024-07-05,Àסענא אמ,ASTR,17339,299186728.1,564.0,550.6,564.45,556.0,554.85,554.8,539213,554.65,554.65,,253405827.0,253405827.0,,0,3,SUR,-1.25,
TQBR,2024-07-08,Àסענא אמ,ASTR,27929,431005242.1,554.8,536.0,555.5,541.75,545.05,542.85,790757,546.35,546.35,,336289314.1,336289314.1,,0,3,SUR,-2.15,
TQBR,2024-07-09,Àסענא אמ,ASTR,31447,452952813.95,539.5,516.7,539.6,519.65,525.6,519.45,861822,526.45,526.45,,389354094.55,389354094.55,,0,3,SUR,-4.31,
TQBR,2024-07-10,Àסענא אמ,ASTR,40390,508971734.6,519.45,507.85,533.65,515.65,519.55,513.75,979672,520.95,520.95,,417585907.8,417585907.8,,0,3,SUR,-1.1,
TQBR,2024-07-11,Àסענא אמ,ASTR,29230,418983237.6,514.9,514.15,542.7,533.5,533.45,542.6,785411,532.45,532.45,,344086774.55,344086774.55,,0,3,SUR,5.62,
TQBR,2024-07-12,Àסענא אמ,ASTR,15371,206608043.35,544.0,532.15,546.85,538.6,538.7,540.55,383541,538.35,538.35,,176573622.75,176573622.75,,0,3,SUR,-0.38,
TQBR,2024-07-15,Àסענא אמ,ASTR,18161,312778265.95,542.6,520.0,545.0,537.75,529.05,533.2,591225,528.25,528.25,,273499127.9,273499127.9,,0,3,SUR,-1.36,
TQBR,2024-07-16,Àסענא אמ,ASTR,17237,312952110.75,533.0,516.0,554.85,548.65,531.3,542.6,589047,529.5,529.5,,271289651.35,271289651.35,,0,3,SUR,1.76,
TQBR,2024-07-17,Àסענא אמ,ASTR,19947,213565871.8,542.6,533.5,552.2,546.5,543.0,545.5,393320,542.8,542.8,,196752718.35,196752718.35,,0,3,SUR,0.53,
TQBR,2024-07-18,Àסענא אמ,ASTR,10081,148214113.8,545.5,542.6,558.95,553.4,552.1,558.3,268444,550.85,550.85,,105933853.6,105933853.6,,0,3,SUR,2.35,
TQBR,2024-07-19,Àסענא אמ,ASTR,21046,284784611.5,559.0,555.0,576.95,567.45,566.7,565.95,502539,566.75,566.75,,258946871.4,258946871.4,,0,3,SUR,1.37,
TQBR,2024-07-22,Àסענא אמ,ASTR,17872,254171411.1,568.05,552.5,577.95,554.7,561.95,558.05,452320,562.5,562.5,,224848069.9,224848069.9,,0,3,SUR,-1.4,
TQBR,2024-07-23,Àסענא אמ,ASTR,10325,166049374.4,558.0,548.0,560.65,557.0,554.65,553.05,299378,554.35,554.35,,137801439.6,137801439.6,,0,3,SUR,-0.9,
TQBR,2024-07-24,Àסענא אמ,ASTR,13434,171621834.5,554.0,551.2,571.0,560.5,559.15,559.7,306937,559.05,559.05,,144587184.75,144587184.75,,0,3,SUR,1.2,
TQBR,2024-07-25,Àסענא אמ,ASTR,7131,92649389.1,560.1,557.15,566.3,565.3,562.05,562.45,164846,561.8,561.8,,78198203.7,78198203.7,,0,3,SUR,0.49,
TQBR,2024-07-26,Àסענא אמ,ASTR,32645,525575889.1,563.2,531.55,568.0,542.0,546.8,535.4,961228,548.6,548.6,,445146084.05,445146084.05,,0,3,SUR,-4.81,
TQBR,2024-07-29,Àסענא אמ,ASTR,23193,339406655.25,536.9,515.6,539.45,530.4,526.85,529.6,644217,526.65,526.65,,313626000.1,313626000.1,,0,3,SUR,-1.08,
TQBR,2024-07-30,Àסענא אמ,ASTR,18609,283881197.7,529.3,524.95,550.0,547.0,540.55,545.0,525147,540.05,540.05,,257769767.75,257769767.75,,0,3,SUR,2.91,
TQBR,2024-07-31,Àסענא אמ,ASTR,35057,602137964.8,546.95,540.1,570.5,569.1,560.8,564.9,1073835,559.4,559.4,,494871580.35,494871580.35,,0,3,SUR,3.65,
TQBR,2024-08-01,Àסענא אמ,ASTR,20695,348781972.65,564.9,552.0,573.4,561.7,565.05,559.5,617813,566.35,566.35,,284335452.6,284335452.6,,0,3,SUR,-0.96,
TQBR,2024-08-02,Àסענא אמ,ASTR,12999,172218960.45,560.35,546.0,562.9,552.5,552.9,549.65,311475,553.35,553.35,,148809945.8,148809945.8,,0,3,SUR,-1.76,
TQBR,2024-08-05,Àסענא אמ,ASTR,27123,507515870.15,545.2,528.55,560.5,551.55,544.35,549.8,932117,541.4,541.4,,396508188.65,396508188.65,,0,3,SUR,0.03,
TQBR,2024-08-06,Àסענא אמ,ASTR,52495,313542413.4,555.2,551.1,567.9,553.85,559.3,555.05,560587,559.75,559.75,,280676743.2,280676743.2,,0,3,SUR,0.95,
TQBR,2024-08-07,Àסענא אמ,ASTR,57497,697329591.45,557.2,542.1,574.25,566.0,560.05,565.95,1244546,559.65,559.65,,616875631.85,616875631.85,,0,3,SUR,1.96,
TQBR,2024-08-08,Àסענא אמ,ASTR,65924,548778700.1,569.8,557.15,579.0,561.0,565.9,559.8,969491,566.5,566.5,,516000703.15,516000703.15,,0,3,SUR,-1.09,
TQBR,2024-08-09,Àסענא אמ,ASTR,12852,158568561.25,561.3,552.25,562.9,553.65,556.5,555.75,284940,556.75,556.75,,142884724.55,142884724.55,,0,3,SUR,-0.72,
TQBR,2024-08-12,Àסענא אמ,ASTR,67748,240152809.55,555.0,543.5,558.95,556.65,551.55,555.15,435422,551.05,551.05,,217765041.5,217765041.5,,0,3,SUR,-0.11,
TQBR,2024-08-13,Àסענא אמ,ASTR,25494,152298093.55,556.0,556.0,563.95,559.5,559.9,560.3,271998,559.9,559.9,,139906886.4,139906886.4,,0,3,SUR,0.93,
TQBR,2024-08-14,Àסענא אמ,ASTR,21671,96737672.6,560.5,552.5,563.0,555.0,557.4,554.15,173551,557.9,557.9,,83279848.6,83279848.6,,0,3,SUR,-1.1,
TQBR,2024-08-15,Àסענא אמ,ASTR,9146,89210800.35,554.25,545.6,555.4,548.3,549.6,548.4,162316,549.75,549.75,,80769552.35,80769552.35,,0,3,SUR,-1.04,
TQBR,2024-08-16,Àסענא אמ,ASTR,7315,85032575.8,548.4,542.1,552.2,547.55,546.65,547.1,155550,548.4,548.4,,42109486.45,42109486.45,,0,3,SUR,-0.24,
TQBR,2024-08-19,Àסענא אמ,ASTR,15831,211702253.9,544.95,526.55,546.4,527.0,535.6,531.7,395267,536.5,536.5,,178948294.5,178948294.5,,0,3,SUR,-2.81,
TQBR,2024-08-20,Àסענא אמ,ASTR,24738,188394948.5,532.05,523.0,538.95,530.2,532.0,527.65,354136,532.3,532.3,,172379246.45,172379246.45,,0,3,SUR,-0.76,
TQBR,2024-08-21,Àסענא אמ,ASTR,10293,122112678.4,527.65,527.0,532.4,529.05,529.0,529.0,230838,529.05,529.05,,101048826.75,101048826.75,,0,3,SUR,0.26,
TQBR,2024-08-22,Àסענא אמ,ASTR,11883,166320894.75,531.0,520.3,539.65,528.5,530.8,528.65,313329,532.85,532.85,,113053254.6,113053254.6,,0,3,SUR,-0.07,
TQBR,2024-08-23,Àסענא אמ,ASTR,22192,202025687.45,528.15,516.0,530.5,519.8,521.7,525.5,387243,521.8,521.8,,173151037.0,173151037.0,,0,3,SUR,-0.6,
TQBR,2024-08-26,Àסענא אמ,ASTR,26395,183327078.1,537.0,528.1,538.45,533.0,532.95,532.95,343988,532.95,532.95,,169444009.75,169444009.75,,0,3,SUR,1.42,
TQBR,2024-08-27,Àסענא אמ,ASTR,33310,394582603.7,533.0,532.95,544.45,539.85,539.8,540.95,731006,539.75,539.75,,368370416.3,368370416.3,,0,3,SUR,1.5,
TQBR,2024-08-28,Àסענא אמ,ASTR,15053,300633883.1,540.95,528.7,554.55,546.6,539.4,544.0,557344,536.4,536.4,,214112890.05,214112890.05,,0,3,SUR,0.56,
TQBR,2024-08-29,Àסענא אמ,ASTR,9002,175117821.65,544.0,541.0,551.7,546.45,544.5,547.8,321601,543.75,543.75,,145853251.7,145853251.7,,0,3,SUR,0.7,
TQBR,2024-08-30,Àסענא אמ,ASTR,17628,394385790.6,555.0,525.5,560.0,531.0,539.2,531.4,731451,541.25,541.25,,321563921.05,321563921.05,,0,3,SUR,-2.99,
TQBR,2024-09-02,Àסענא אמ,ASTR,31145,487472783.15,529.95,500.45,529.95,508.2,510.9,510.2,954177,511.2,511.2,,448801106.5,448801106.5,,0,3,SUR,-3.99,
TQBR,2024-09-03,Àסענא אמ,ASTR,22859,397519907.3,510.5,501.2,537.65,523.95,521.15,530.55,762691,520.35,520.35,,355765253.15,355765253.15,,0,3,SUR,3.99,
TQBR,2024-09-04,Àסענא אמ,ASTR,10604,185353735.85,528.9,525.05,543.9,537.6,535.0,542.35,346449,532.65,532.65,,136273808.95,136273808.95,,0,3,SUR,2.22,
TQBR,2024-09-05,Àסענא אמ,ASTR,22788,307494179.25,549.0,525.15,550.0,534.15,538.55,529.4,571254,539.05,539.05,,278962525.55,278962525.55,,0,3,SUR,-2.39,
TQBR,2024-09-06,Àסענא אמ,ASTR,8539,147025914.35,530.0,526.0,539.5,533.05,531.95,538.05,276381,531.5,531.5,,132139346.85,132139346.85,,0,3,SUR,1.63,
TQBR,2024-09-09,Àסענא אמ,ASTR,15000,224653344.85,540.0,535.35,555.35,554.4,549.6,553.0,408780,548.75,548.75,,188264713.3,188264713.3,,0,3,SUR,2.78,
TQBR,2024-09-10,Àסענא אמ,ASTR,12863,235185684.65,553.0,536.1,553.0,541.8,546.25,540.8,430647,547.05,547.05,,205858787.25,205858787.25,,0,3,SUR,-2.21,
TQBR,2024-09-11,Àסענא אמ,ASTR,10459,145370409.75,540.8,527.1,548.0,543.4,539.85,534.25,269287,544.4,544.4,,76456415.85,76456415.85,,0,3,SUR,-1.21,
TQBR,2024-09-12,Àסענא אמ,ASTR,8561,117365472.5,533.25,522.0,535.95,528.05,528.95,533.25,221890,528.55,528.55,,103665764.65,103665764.65,,0,3,SUR,-0.19,
TQBR,2024-09-13,Àסענא אמ,ASTR,12565,191441869.15,530.6,518.4,544.75,538.55,532.5,538.1,359505,531.95,531.95,,168950147.05,168950147.05,,0,3,SUR,0.91,
TQBR,2024-09-16,Àסענא אמ,ASTR,16692,249511298.5,538.2,538.2,556.15,552.5,550.6,554.5,453152,549.65,549.65,,199581916.05,199581916.05,,0,3,SUR,3.05,
TQBR,2024-09-17,Àסענא אמ,ASTR,32880,614664462.05,558.5,554.8,571.9,569.1,565.85,568.6,1086276,565.6,565.6,,561501973.4,561501973.4,,0,3,SUR,2.54,
TQBR,2024-09-18,Àסענא אמ,ASTR,13137,224896238.6,570.9,555.75,570.9,561.0,561.85,556.5,400268,562.4,562.4,,188700905.85,188700905.85,,0,3,SUR,-2.13,
TQBR,2024-09-19,Àסענא אמ,ASTR,23995,289607530.0,560.0,557.1,570.65,570.0,566.6,566.95,511138,566.55,566.55,,259110871.35,259110871.35,,0,3,SUR,1.88,
TQBR,2024-09-20,Àסענא אמ,ASTR,34128,580881972.8,569.3,563.25,584.9,580.4,574.7,576.45,1010715,573.6,573.6,,479227614.25,479227614.25,,0,3,SUR,1.68,
TQBR,2024-09-23,Àסענא אמ,ASTR,30255,469349633.85,580.0,574.0,589.4,582.45,583.7,578.45,804350,583.95,583.95,,403366707.1,403366707.1,,0,3,SUR,0.35,
TQBR,2024-09-24,Àסענא אמ,ASTR,12364,207405809.85,581.0,567.15,583.05,573.75,574.05,574.4,361299,574.0,574.0,,185547223.95,185547223.95,,0,3,SUR,-0.7,
TQBR,2024-09-25,Àסענא אמ,ASTR,22814,216584901.8,576.5,560.0,576.65,563.5,567.2,560.0,381852,568.85,568.85,,170223676.85,170223676.85,,0,3,SUR,-2.51,
TQBR,2024-09-26,Àסענא אמ,ASTR,17217,294908127.1,559.9,547.2,560.0,551.15,552.2,552.05,534056,552.35,552.35,,274882620.45,274882620.45,,0,3,SUR,-1.42,
TQBR,2024-09-27,Àסענא אמ,ASTR,22091,264051231.9,553.7,550.0,569.35,569.35,562.3,567.05,469609,561.1,561.1,,217875510.25,217875510.25,,0,3,SUR,2.72,
TQBR,2024-09-30,Àסענא אמ,ASTR,10608,186832410.9,568.5,558.6,572.4,560.85,564.3,561.35,331092,564.8,564.8,,159717246.35,159717246.35,,0,3,SUR,-1.01,
TQBR,2024-10-01,Àסענא אמ,ASTR,38407,676236351.25,562.5,545.1,571.5,549.6,559.65,550.4,1208281,561.25,561.25,,588015894.25,588015894.25,,0,3,SUR,-1.95,
TQBR,2024-10-02,Àסענא אמ,ASTR,16009,284997302.45,550.3,533.45,555.75,537.3,543.1,539.3,524780,545.4,545.4,,208239906.45,208239906.45,,0,3,SUR,-2.02,
TQBR,2024-10-03,Àסענא אמ,ASTR,12855,165213278.25,539.3,534.05,547.0,539.5,541.1,544.9,305160,541.15,541.15,,148045795.85,148045795.85,,0,3,SUR,1.04,
TQBR,2024-10-04,Àסענא אמ,ASTR,9034,125878762.3,544.9,540.2,549.1,545.0,544.9,542.0,231004,545.0,545.0,,116712321.05,116712321.05,,0,3,SUR,-0.53,
TQBR,2024-10-07,Àסענא אמ,ASTR,9386,108349191.25,542.0,535.0,544.05,537.3,537.95,540.35,201415,537.65,537.65,,88961145.0,88961145.0,,0,3,SUR,-0.3,
TQBR,2024-10-08,Àסענא אמ,ASTR,17522,184302758.45,540.1,530.7,540.1,531.5,533.2,533.0,345497,533.6,533.6,,164736965.25,164736965.25,,0,3,SUR,-1.36,
TQBR,2024-10-09,Àסענא אמ,ASTR,18849,186563421.1,534.3,522.5,535.6,524.3,527.3,528.6,353833,527.25,527.25,,154584991.55,154584991.55,,0,3,SUR,-0.83,
TQBR,2024-10-10,Àסענא אמ,ASTR,14454,187907455.55,529.9,523.1,535.85,527.8,528.9,527.3,354976,529.45,529.45,,172080461.45,172080461.45,,0,3,SUR,-0.25,
TQBR,2024-10-11,Àסענא אמ,ASTR,18608,322198730.3,527.3,526.0,536.65,531.1,530.2,532.65,607321,530.3,530.3,,281640258.4,281640258.4,,0,3,SUR,1.01,
TQBR,2024-10-14,Àסענא אמ,ASTR,27045,522808136.6,547.0,532.5,547.3,539.0,538.9,540.9,969752,539.1,539.1,,488202766.8,488202766.8,,0,3,SUR,1.55,
TQBR,2024-10-15,Àסענא אמ,ASTR,26649,218525798.85,541.0,537.8,548.3,543.6,544.2,544.2,401564,544.3,544.3,,201375729.3,201375729.3,,0,3,SUR,0.61,
TQBR,2024-10-16,Àסענא אמ,ASTR,17040,276624231.35,545.0,540.0,549.95,545.1,545.8,548.45,506828,545.45,545.45,,233998212.55,233998212.55,,0,3,SUR,0.78,
TQBR,2024-10-17,Àסענא אמ,ASTR,11093,188203492.85,548.45,535.25,552.15,540.8,543.5,537.15,346277,545.9,545.9,,129249932.8,129249932.8,,0,3,SUR,-2.06,
TQBR,2024-10-18,Àסענא אמ,ASTR,7633,100467778.7,537.15,533.05,542.6,536.5,537.35,537.5,186967,537.35,537.35,,85363455.25,85363455.25,,0,3,SUR,0.07,
TQBR,2024-10-21,Àסענא אמ,ASTR,10027,167330886.25,537.5,536.45,549.0,545.5,543.6,544.8,307827,543.35,543.35,,148195555.7,148195555.7,,0,3,SUR,1.36,
TQBR,2024-10-22,Àסענא אמ,ASTR,5921,80014083.4,546.6,538.0,546.7,541.8,542.15,538.7,147591,542.95,542.95,,57472164.65,57472164.65,,0,3,SUR,-1.12,
TQBR,2024-10-23,Àסענא אמ,ASTR,11574,147560398.5,537.05,530.0,540.85,535.55,534.55,530.15,276042,535.45,535.45,,109749870.3,109749870.3,,0,3,SUR,-1.59,
TQBR,2024-10-24,Àסענא אמ,ASTR,9984,195807555.0,528.55,525.2,532.8,530.85,528.0,530.95,370848,527.8,527.8,,182819480.3,182819480.3,,0,3,SUR,0.15,
TQBR,2024-10-25,Àסענא אמ,ASTR,17992,299330162.3,529.4,517.3,530.95,519.8,523.9,519.85,571352,524.65,524.65,,253078897.4,253078897.4,,0,3,SUR,-2.09,
TQBR,2024-10-28,Àסענא אמ,ASTR,31481,385305849.3,515.25,497.7,515.3,502.0,505.3,507.65,762510,505.45,505.45,,355055044.9,355055044.9,,0,3,SUR,-2.35,
TQBR,2024-10-29,Àסענא אמ,ASTR,13687,222623825.55,509.85,497.9,514.9,507.3,505.95,510.2,439990,504.8,504.8,,182625858.35,182625858.35,,0,3,SUR,0.5,
TQBR,2024-10-30,Àסענא אמ,ASTR,12782,130759745.9,512.45,502.05,513.75,510.75,507.8,504.0,257496,508.75,508.75,,96152345.3,96152345.3,,0,3,SUR,-1.22,
TQBR,2024-10-31,Àסענא אמ,ASTR,18119,155836770.75,502.05,494.15,510.45,500.0,502.35,499.1,310206,504.8,504.8,,103540906.65,103540906.65,,0,3,SUR,-0.97,
TQBR,2024-11-01,Àסענא אמ,ASTR,9750,127733728.9,498.7,494.05,503.8,500.7,498.65,499.55,256150,498.35,498.35,,106121107.7,106121107.7,,0,3,SUR,0.09,
TQBR,2024-11-02,Àסענא אמ,ASTR,6271,60373331.65,500.1,496.9,502.9,498.2,498.95,498.05,120995,499.15,499.15,,48734672.65,48734672.65,,0,3,SUR,-0.3,
TQBR,2024-11-05,Àסענא אמ,ASTR,11546,125607228.75,498.3,491.05,500.8,494.3,495.1,494.45,253708,495.4,495.4,,103327473.65,103327473.65,,0,3,SUR,-0.72,
TQBR,2024-11-06,Àסענא אמ,ASTR,15021,224109417.9,498.25,495.5,511.05,497.1,503.05,497.55,445489,503.65,503.65,,197145190.3,197145190.3,,0,3,SUR,0.63,
TQBR,2024-11-07,Àסענא אמ,ASTR,23275,254736372.35,497.55,483.0,499.7,491.2,491.25,499.1,518181,490.1,490.1,,186981918.05,186981918.05,,0,3,SUR,0.31,
TQBR,2024-11-08,Àסענא אמ,ASTR,43715,431168327.85,502.3,486.0,503.6,492.9,493.45,499.2,873356,492.25,492.25,,331100973.85,331100973.85,,0,3,SUR,0.02,
TQBR,2024-11-11,Àסענא אמ,ASTR,28000,308975925.8,504.1,500.85,517.8,508.0,507.3,513.5,609089,504.3,504.3,,204865652.85,204865652.85,,0,3,SUR,2.86,
TQBR,2024-11-12,Àסענא אמ,ASTR,10703,146124509.35,513.4,504.0,514.4,509.0,508.1,504.3,287588,508.5,508.5,,122829449.7,122829449.7,,0,3,SUR,-1.79,
TQBR,2024-11-13,Àסענא אמ,ASTR,36566,200881801.15,504.0,496.0,510.0,505.0,504.5,501.45,398185,506.05,506.05,,145663369.6,145663369.6,,0,3,SUR,-0.57,
TQBR,2024-11-14,Àסענא אמ,ASTR,19069,166658960.15,502.1,491.25,503.8,493.0,496.35,496.65,335779,496.65,496.65,,138147949.35,138147949.35,,0,3,SUR,-0.96,
TQBR,2024-11-15,Àסענא אמ,ASTR,22280,245011036.15,493.25,493.25,509.5,507.9,503.8,508.0,486334,503.0,503.0,,205284400.0,205284400.0,,0,3,SUR,2.29,
TQBR,2024-11-18,Àסענא אמ,ASTR,17711,337896571.35,503.6,498.1,515.0,508.05,507.8,511.7,665414,505.9,505.9,,220784113.3,220784113.3,,0,3,SUR,0.73,
TQBR,2024-11-19,Àסענא אמ,ASTR,42026,916897697.35,523.0,497.0,525.0,502.25,510.95,501.85,1794541,511.95,511.95,,815730633.95,815730633.95,,0,3,SUR,-1.92,
TQBR,2024-11-20,Àסענא אמ,ASTR,27293,569564053.25,504.6,497.35,514.4,503.1,506.2,502.95,1125194,507.4,507.4,,459842001.95,459842001.95,,0,3,SUR,0.22,
TQBR,2024-11-21,Àסענא אמ,ASTR,21008,269081817.8,504.5,490.5,504.6,493.85,497.15,499.8,541272,497.65,497.65,,203428016.0,203428016.0,,0,3,SUR,-0.63,
TQBR,2024-11-22,Àסענא אמ,ASTR,12973,135590449.6,500.0,492.7,501.1,495.0,495.65,494.0,273557,495.8,495.8,,103119465.2,103119465.2,,0,3,SUR,-1.16,
TQBR,2024-11-25,Àסענא אמ,ASTR,25803,355637791.85,495.0,468.65,497.0,473.2,478.45,474.1,743296,479.1,479.1,,318986675.9,318986675.9,,0,3,SUR,-4.03,
TQBR,2024-11-26,Àסענא אמ,ASTR,29685,446854056.9,472.8,444.4,476.35,454.1,458.2,447.0,975205,460.2,460.2,,369150707.2,369150707.2,,0,3,SUR,-5.72,
TQBR,2024-11-27,Àסענא אמ,ASTR,34760,553384795.7,450.0,416.2,454.8,435.6,435.5,454.05,1270756,433.35,433.35,,447240967.05,447240967.05,,0,3,SUR,1.58,
TQBR,2024-11-28,Àסענא אמ,ASTR,26766,308519019.1,457.95,435.1,459.0,447.0,445.05,445.75,693200,444.75,444.75,,257571829.7,257571829.7,,0,3,SUR,-1.83,
TQBR,2024-11-29,Àסענא אמ,ASTR,17585,250302492.85,444.5,437.85,459.5,455.0,451.45,448.4,554429,451.7,451.7,,204628835.45,204628835.45,,0,3,SUR,0.59,
TQBR,2024-12-02,Àסענא אמ,ASTR,14252,177506150.95,451.0,448.75,463.95,462.75,458.8,460.35,386894,458.6,458.6,,162695412.45,162695412.45,,0,3,SUR,2.67,
TQBR,2024-12-03,Àסענא אמ,ASTR,15455,231915793.15,462.35,439.45,464.5,446.1,447.75,445.1,517985,448.3,448.3,,194580782.15,194580782.15,,0,3,SUR,-3.31,
TQBR,2024-12-04,Àסענא אמ,ASTR,22704,315493681.8,446.45,417.7,446.45,430.0,431.0,426.55,732026,437.55,437.55,,167650746.8,167650746.8,,0,3,SUR,-4.17,
TQBR,2024-12-05,Àסענא אמ,ASTR,24396,367555589.9,426.5,415.2,434.35,425.45,425.3,430.85,864213,423.4,423.4,,275100637.75,275100637.75,,0,3,SUR,1.01,
TQBR,2024-12-06,Àסענא אמ,ASTR,14475,249378345.8,430.85,425.05,440.5,437.85,434.6,439.7,573799,434.3,434.3,,222561218.9,222561218.9,,0,3,SUR,2.05,
TQBR,2024-12-09,Àסענא אמ,ASTR,13124,161741990.1,440.0,438.6,444.75,443.75,441.35,442.65,366456,441.2,441.2,,144383347.7,144383347.7,,0,3,SUR,0.67,
TQBR,2024-12-10,Àסענא אמ,ASTR,13850,189393057.5,442.65,426.0,442.65,430.0,431.35,430.1,439082,431.4,431.4,,175699894.4,175699894.4,,0,3,SUR,-2.84,
TQBR,2024-12-11,Àסענא אמ,ASTR,8752,97664361.7,429.95,426.05,432.1,427.65,429.1,430.0,227606,429.05,429.05,,75808568.45,75808568.45,,0,3,SUR,-0.02,
TQBR,2024-12-12,Àסענא אמ,ASTR,13746,183585842.1,430.0,417.45,432.9,419.5,424.8,418.75,432195,426.0,426.0,,147728191.2,147728191.2,,0,3,SUR,-2.62,
TQBR,2024-12-13,Àסענא אמ,ASTR,12800,129219143.85,418.75,411.05,420.35,412.75,414.5,411.25,311730,414.9,414.9,,112362805.0,112362805.0,,0,3,SUR,-1.79,
TQBR,2024-12-16,Àסענא אמ,ASTR,19551,221453283.05,410.95,400.0,413.4,406.8,405.45,410.35,546204,404.85,404.85,,180734580.15,180734580.15,,0,3,SUR,-0.22,
TQBR,2024-12-17,Àסענא אמ,ASTR,14397,177621225.15,410.5,407.25,418.65,414.9,413.3,417.65,429745,412.55,412.55,,148552054.65,148552054.65,,0,3,SUR,1.78,
TQBR,2024-12-18,Àסענא אמ,ASTR,14859,207587966.0,418.4,416.25,430.0,428.95,423.3,427.55,490407,422.35,422.35,,175302239.05,175302239.05,,0,3,SUR,2.37,
TQBR,2024-12-19,Àסענא אמ,ASTR,17898,239444711.0,427.85,421.75,439.45,433.15,432.4,436.95,553781,432.1,432.1,,218976872.35,218976872.35,,0,3,SUR,2.2,
TQBR,2024-12-20,Àסענא אמ,ASTR,33483,546065009.45,437.0,432.75,478.2,470.5,461.55,472.0,1183158,460.6,460.6,,483293759.85,483293759.85,,0,3,SUR,8.02,
TQBR,2024-12-23,Àסענא אמ,ASTR,22708,344331079.5,481.2,467.1,488.0,472.1,475.9,473.6,723507,476.1,476.1,,320469298.0,320469298.0,,0,3,SUR,0.34,
TQBR,2024-12-24,Àסענא אמ,ASTR,15001,191443007.05,473.6,458.0,475.0,461.0,464.3,461.0,412336,464.95,464.95,,163465744.4,163465744.4,,0,3,SUR,-2.66,
TQBR,2024-12-25,Àסענא אמ,ASTR,19601,426303479.0,461.05,446.3,467.95,460.8,456.7,466.85,933431,456.15,456.15,,394540796.25,394540796.25,,0,3,SUR,1.27,
TQBR,2024-12-26,Àסענא אמ,ASTR,26052,286024735.95,468.0,454.05,468.0,459.6,458.7,456.5,623546,459.0,459.0,,251838812.5,251838812.5,,0,3,SUR,-2.22,
TQBR,2024-12-27,Àסענא אמ,ASTR,19324,213075221.25,455.2,450.75,458.15,452.3,454.1,456.1,469245,454.0,454.0,,176194991.1,176194991.1,,0,3,SUR,-0.09,
TQBR,2024-12-28,Àסענא אמ,ASTR,12603,203255163.85,453.05,453.05,461.75,457.15,457.75,460.85,444048,457.25,457.25,,159536374.85,159536374.85,,0,3,SUR,1.04,
TQBR,2024-12-30,Àסענא אמ,ASTR,15325,211813314.85,465.05,462.5,473.4,472.2,469.6,469.5,451034,469.25,469.25,,152449625.2,152449625.2,,0,3,SUR,1.88,
TQBR,2025-01-03,Àסענא אמ,ASTR,9001,144867306.25,474.4,465.05,477.4,470.4,470.6,468.6,307827,470.8,470.8,,126155314.75,126155314.75,,0,3,SUR,-0.19,
TQBR,2025-01-06,Àסענא אמ,ASTR,7890,61212903.05,468.6,464.75,472.85,470.9,467.8,472.8,130851,467.05,467.05,,47033989.15,47033989.15,,0,3,SUR,0.9,
TQBR,2025-01-08,Àסענא אמ,ASTR,16540,225834235.65,472.95,472.9,491.0,490.8,484.3,490.45,466311,483.6,483.6,,199487639.95,199487639.95,,0,3,SUR,3.73,
TQBR,2025-01-09,Àסענא אמ,ASTR,13370,202331689.05,490.45,470.6,494.0,473.6,478.7,472.85,422662,479.35,479.35,,183312470.9,183312470.9,,0,3,SUR,-3.59,
TQBR,2025-01-10,Àסענא אמ,ASTR,13001,165624699.05,476.0,468.5,484.8,482.0,477.8,481.0,346637,477.05,477.05,,135097977.6,135097977.6,,0,3,SUR,1.72,
TQBR,2025-01-13,Àסענא אמ,ASTR,14337,196791765.45,485.2,482.5,492.7,485.9,487.85,485.35,403401,488.25,488.25,,169747404.05,169747404.05,,0,3,SUR,0.9,
TQBR,2025-01-14,Àסענא אמ,ASTR,10402,131954375.45,486.0,480.3,488.8,481.0,484.0,482.8,272636,484.25,484.25,,114623530.65,114623530.65,,0,3,SUR,-0.53,
TQBR,2025-01-15,Àסענא אמ,ASTR,13986,191307100.7,483.65,480.95,491.3,483.45,486.4,491.0,393304,485.05,485.05,,107491773.35,107491773.35,,0,3,SUR,1.7,
TQBR,2025-01-16,Àסענא אמ,ASTR,17345,307860927.9,489.95,485.0,501.45,500.0,493.45,495.6,623912,492.95,492.95,,275261318.25,275261318.25,,0,3,SUR,0.94,
TQBR,2025-01-17,Àסענא אמ,ASTR,12730,217483702.7,495.4,488.6,507.95,504.0,500.85,507.85,434220,499.95,499.95,,179386391.45,179386391.45,,0,3,SUR,2.47,
TQBR,2025-01-20,Àסענא אמ,ASTR,16989,251607615.2,509.3,492.3,519.0,502.45,505.45,497.65,497775,506.75,506.75,,212039243.0,212039243.0,,0,3,SUR,-2.01,
TQBR,2025-01-21,Àסענא אמ,ASTR,9701,155559365.7,497.7,488.1,507.5,499.95,498.25,499.9,312217,498.25,498.25,,139589892.4,139589892.4,,0,3,SUR,0.45,
TQBR,2025-01-22,Àסענא אמ,ASTR,10149,118267815.05,500.0,496.75,505.9,504.9,502.5,500.7,235354,502.65,502.65,,86791832.7,86791832.7,,0,3,SUR,0.16,
TQBR,2025-01-23,Àסענא אמ,ASTR,22006,442458782.15,503.75,502.0,519.6,518.25,513.4,518.05,862205,512.6,512.6,,371396736.85,371396736.85,,0,3,SUR,3.47,
TQBR,2025-01-24,Àסענא אמ,ASTR,8324,116663727.0,519.0,513.0,519.2,515.1,515.7,514.3,226229,515.95,515.95,,99801464.0,99801464.0,,0,3,SUR,-0.72,
TQBR,2025-01-27,Àסענא אמ,ASTR,11674,147590463.85,515.3,499.85,516.65,508.3,508.85,502.6,290041,510.2,510.2,,94344396.2,94344396.2,,0,3,SUR,-2.27,
TQBR,2025-01-28,Àסענא אמ,ASTR,41104,1001068622.35,503.5,491.4,530.75,526.65,519.9,529.7,1925422,518.95,518.95,,725837541.05,725837541.05,,0,3,SUR,5.39,
TQBR,2025-01-29,Àסענא אמ,ASTR,27827,761544613.95,532.05,522.8,537.75,526.85,529.1,526.4,1439367,528.25,528.25,,381552347.25,381552347.25,,0,3,SUR,-0.62,
TQBR,2025-01-30,Àסענא אמ,ASTR,12351,216471432.4,527.9,523.9,532.25,528.0,527.95,527.4,410012,527.15,527.15,,144506519.75,144506519.75,,0,3,SUR,0.19,
TQBR,2025-01-31,Àסענא אמ,ASTR,14188,225402743.15,527.95,521.0,530.75,526.0,526.2,525.3,428351,526.05,526.05,,176581597.7,176581597.7,,0,3,SUR,-0.4,
TQBR,2025-02-03,Àסענא אמ,ASTR,10675,171143589.7,525.3,517.0,526.5,520.35,521.0,520.8,328476,520.55,520.55,,127349326.5,127349326.5,,0,3,SUR,-0.86,
TQBR,2025-02-04,Àסענא אמ,ASTR,19229,149335857.65,520.8,512.0,526.3,518.05,521.1,514.3,286565,522.85,522.85,,107423818.05,107423818.05,,0,3,SUR,-1.25,
TQBR,2025-02-05,Àסענא אמ,ASTR,11258,182563753.1,514.0,506.05,518.2,513.6,513.4,516.0,355581,512.1,512.1,,128060297.65,128060297.65,,0,3,SUR,0.33,
TQBR,2025-02-06,Àסענא אמ,ASTR,15242,153611496.4,517.0,512.0,523.95,515.0,517.35,516.95,296915,516.7,516.7,,113910209.7,113910209.7,,0,3,SUR,0.18,
TQBR,2025-02-07,Àסענא אמ,ASTR,13116,171394030.75,518.0,512.5,524.0,513.15,518.4,514.35,330628,518.95,518.95,,143917573.05,143917573.05,,0,3,SUR,-0.5,
TQBR,2025-02-10,Àסענא אמ,ASTR,75074,1106584780.8,515.9,481.75,519.0,487.8,494.35,489.5,2238904,495.05,495.05,,817559390.1,817559390.1,,0,3,SUR,-4.83,
TQBR,2025-02-11,Àסענא אמ,ASTR,22918,309734663.85,489.5,485.0,496.95,489.55,491.85,490.9,629713,492.7,492.7,,212271865.15,212271865.15,,0,3,SUR,0.29,
TQBR,2025-02-12,Àסענא אמ,ASTR,37120,665318252.4,492.0,481.0,500.0,486.75,492.15,497.0,1351812,489.15,489.15,,268257832.35,268257832.35,,0,3,SUR,1.24,
TQBR,2025-02-13,Àסענא אמ,ASTR,52544,1203786748.45,499.0,478.65,528.45,479.8,498.5,484.1,2412977,489.1,489.1,,663534114.25,663534114.25,,0,3,SUR,-2.6,
TQBR,2025-02-14,Àסענא אמ,ASTR,74951,974380426.1,483.55,463.25,489.35,470.0,474.25,472.0,2055105,473.45,473.45,,833526311.85,833526311.85,,0,3,SUR,-2.5,
TQBR,2025-02-17,Àסענא אמ,ASTR,62558,611006276.55,473.0,467.75,476.0,471.75,472.35,476.0,1293511,472.35,472.35,,412390656.55,412390656.55,,0,3,SUR,0.85,
TQBR,2025-02-18,Àסענא אמ,ASTR,43726,411554731.4,474.8,461.25,476.0,463.6,467.95,464.3,879332,468.0,468.0,,332437724.95,332437724.95,,0,3,SUR,-2.46,
TQBR,2025-02-19,Àסענא אמ,ASTR,41944,216834049.85,464.7,461.35,469.75,466.3,465.85,466.55,465460,465.7,465.7,,144761561.65,144761561.65,,0,3,SUR,0.48,
TQBR,2025-02-20,Àסענא אמ,ASTR,58967,490903896.5,468.45,462.0,473.65,464.0,466.3,463.1,1052666,466.7,466.7,,417360277.15,417360277.15,,0,3,SUR,-0.74,
TQBR,2025-02-21,Àסענא אמ,ASTR,113600,1312400105.8,463.2,446.05,464.4,450.3,450.6,450.0,2912292,449.75,449.75,,1061351730.0,1061351730.0,,0,3,SUR,-2.83,
TQBR,2025-02-24,Àסענא אמ,ASTR,30060,428020658.0,450.05,448.25,456.85,452.7,452.3,453.0,946311,451.1,451.1,,247292975.55,247292975.55,,0,3,SUR,0.67,
TQBR,2025-02-25,Àסענא אמ,ASTR,49157,964951509.7,451.65,443.0,458.95,449.05,449.95,449.0,2144652,449.1,449.1,,575376809.8,575376809.8,,0,3,SUR,-0.88,
TQBR,2025-02-26,Àסענא אמ,ASTR,112920,1754053415.4,449.0,436.85,462.75,449.5,451.95,444.8,3880883,452.65,452.65,,1513772424.75,1513772424.75,,0,3,SUR,-0.94,
TQBR,2025-02-27,Àסענא אמ,ASTR,24576,436455144.6,445.35,439.1,450.0,443.7,444.6,440.1,981721,446.0,446.0,,277069097.1,277069097.1,,0,3,SUR,-1.06,
TQBR,2025-02-28,Àסענא אמ,ASTR,20015,358543936.0,440.0,435.15,445.75,442.9,442.05,442.5,811114,442.0,442.0,,187772562.7,187772562.7,,0,3,SUR,0.55,
TQBR,2025-03-03,Àסענא אמ,ASTR,31295,390452729.65,442.5,428.75,444.9,431.35,436.05,432.5,895473,436.4,436.4,,221053355.6,221053355.6,,0,3,SUR,-2.26,2025-03-03
TQBR,2025-03-04,Àסענא אמ,ASTR,16242,239867431.8,433.8,432.6,437.75,436.5,436.7,437.4,549255,436.7,436.7,,133196844.9,133196844.9,,0,3,SUR,1.13,2025-03-04
TQBR,2025-03-05,Àסענא אמ,ASTR,47179,934830248.3,437.8,435.05,454.8,449.85,448.4,445.55,2084706,449.25,449.25,,750911566.2,750911566.2,,0,3,SUR,1.86,2025-03-05
TQBR,2025-03-06,Àסענא אמ,ASTR,17731,289256632.45,445.6,444.45,454.8,447.15,449.7,448.7,643239,448.9,448.9,,171479542.45,171479542.45,,0,3,SUR,0.71,2025-03-06
TQBR,2025-03-07,Àסענא אמ,ASTR,15158,227572180.7,448.7,440.0,452.8,443.0,447.0,442.8,509123,447.05,447.05,,158957935.7,158957935.7,,0,3,SUR,-1.31,2025-03-07
TQBR,2025-03-10,Àסענא אמ,ASTR,14922,182977713.5,444.35,444.3,452.45,448.75,448.9,446.75,407601,449.2,449.2,,132530127.2,132530127.2,,0,3,SUR,0.89,2025-03-10
TQBR,2025-03-11,Àסענא אמ,ASTR,14229,205800703.65,447.0,443.45,452.35,449.0,448.6,446.7,458753,448.8,448.8,,148915874.7,148915874.7,,0,3,SUR,-0.01,2025-03-11
TQBR,2025-03-12,Àסענא אמ,ASTR,11288,125685575.15,446.7,443.6,449.95,445.3,446.75,446.0,281318,446.75,446.75,,88048761.65,88048761.65,,0,3,SUR,-0.16,2025-03-12
TQBR,2025-03-13,Àסענא אמ,ASTR,35546,287301577.6,446.25,435.0,446.25,435.85,439.4,440.0,653857,438.65,438.65,,199226588.1,199226588.1,,0,3,SUR,-1.35,2025-03-13
TQBR,2025-03-14,Àסענא אמ,ASTR,15359,161341176.05,440.0,436.6,442.0,441.65,439.7,439.85,366939,439.4,439.4,,102167553.55,102167553.55,,0,3,SUR,-0.03,2025-03-14
TQBR,2025-03-17,Àסענא אמ,ASTR,29226,396046018.85,440.0,436.25,445.55,442.45,441.75,442.5,896578,442.4,442.4,,263228502.55,263228502.55,,0,3,SUR,0.6,2025-03-17
TQBR,2025-03-18,Àסענא אמ,ASTR,24503,212248769.05,444.6,437.2,444.6,441.2,441.6,437.85,480659,442.15,442.15,,125932708.25,125932708.25,,0,3,SUR,-1.05,2025-03-18
TQBR,2025-03-19,Àסענא אמ,ASTR,15649,179267063.25,437.5,432.6,442.7,441.85,439.15,440.7,408230,438.65,438.65,,141086744.4,141086744.4,,0,3,SUR,0.65,2025-03-19
TQBR,2025-03-20,Àסענא אמ,ASTR,33782,201658336.15,441.75,435.05,444.0,440.5,438.75,436.25,459608,438.6,438.6,,162156031.9,162156031.9,,0,3,SUR,-1.01,2025-03-20
TQBR,2025-03-21,Àסענא אמ,ASTR,20366,228871548.95,436.35,431.15,438.75,431.45,434.75,432.7,526464,434.8,434.8,,184900517.2,184900517.2,,0,3,SUR,-0.81,2025-03-21
TQBR,2025-03-24,Àסענא אמ,ASTR,16815,189055380.5,434.0,425.1,434.0,428.35,428.65,426.7,441036,428.6,428.6,,152291704.3,152291704.3,,0,3,SUR,-1.39,2025-03-24
TQBR,2025-03-25,Àסענא אמ,ASTR,20197,211397858.85,426.7,417.8,429.15,420.9,422.65,424.3,500185,422.15,422.15,,167099876.9,167099876.9,,0,3,SUR,-0.56,2025-03-25
TQBR,2025-03-26,Àסענא אמ,ASTR,21851,146209939.45,424.35,417.65,426.75,418.95,421.4,420.85,346997,421.35,421.35,,100893344.35,100893344.35,,0,3,SUR,-0.81,2025-03-26
TQBR,2025-03-27,Àסענא אמ,ASTR,21108,209095562.8,420.8,409.35,420.8,414.8,413.15,411.6,506122,412.6,412.6,,158648274.95,158648274.95,,0,3,SUR,-2.2,2025-03-27
TQBR,2025-03-28,Àסענא אמ,ASTR,26720,249704645.8,411.55,403.0,414.4,410.5,407.9,412.55,612196,407.3,407.3,,140840232.4,140840232.4,,0,3,SUR,0.23,2025-03-28
TQBR,2025-03-31,Àסענא אמ,ASTR,31911,401579735.45,413.1,403.55,425.0,423.0,414.6,424.05,968617,415.25,415.25,,240096997.0,240096997.0,,0,3,SUR,2.79,2025-03-31
TQBR,2025-04-01,Àסענא אמ,ASTR,27252,389809090.05,424.1,415.0,428.9,420.5,422.5,417.25,922679,422.8,422.8,,278620751.95,278620751.95,,0,3,SUR,-1.6,2025-04-01
TQBR,2025-04-02,Àסענא אמ,ASTR,28664,519760838.15,417.25,417.25,432.8,426.5,426.5,429.65,1218648,426.9,426.9,,353872850.75,353872850.75,,0,3,SUR,2.97,2025-04-02
TQBR,2025-04-03,Àסענא אמ,ASTR,52401,1060398242.3,429.0,422.7,438.0,427.0,432.25,430.9,2453121,432.75,432.75,,671770531.7,671770531.7,,0,3,SUR,0.29,2025-04-03
TQBR,2025-04-04,Àסענא אמ,ASTR,35464,683987967.9,431.3,404.5,436.0,418.1,420.05,406.85,1628408,421.55,421.55,,458393129.6,458393129.6,,0,3,SUR,-5.58,2025-04-04
TQBR,2025-04-07,Àסענא אמ,ASTR,52097,816770827.05,405.6,380.55,424.9,409.1,402.65,404.45,2028393,400.55,400.55,,423310555.0,423310555.0,,0,3,SUR,-0.59,2025-04-07
TQBR,2025-04-08,Àסענא אמ,ASTR,39112,744179419.0,404.45,402.4,428.7,422.5,417.8,411.6,1781279,419.75,419.75,,515934581.75,515934581.75,,0,3,SUR,1.77,2025-04-08
TQBR,2025-04-09,Àסענא אמ,ASTR,53796,652534088.95,411.4,400.55,422.0,406.85,411.9,419.65,1584228,409.65,409.65,,369757049.65,369757049.65,,0,3,SUR,1.96,2025-04-09
TQBR,2025-04-10,Àסענא אמ,ASTR,16190,178564438.15,423.5,412.45,423.9,416.5,417.15,414.95,428043,416.85,416.85,,121954353.6,121954353.6,,0,3,SUR,-1.12,2025-04-10
TQBR,2025-04-11,Àסענא אמ,ASTR,11834,157895524.15,414.9,413.95,422.0,421.0,419.35,417.6,376539,419.45,419.45,,106137065.15,106137065.15,,0,3,SUR,0.64,2025-04-11
TQBR,2025-04-14,Àסענא אמ,ASTR,20913,191815095.35,417.65,406.6,424.0,409.25,415.5,408.9,461633,413.6,413.6,,108892639.05,108892639.05,,0,3,SUR,-2.08,2025-04-14
TQBR,2025-04-15,Àסענא אמ,ASTR,21325,272744240.15,410.9,397.2,413.75,398.0,403.85,405.0,675396,404.8,404.8,,172548905.85,172548905.85,,0,3,SUR,-0.95,2025-04-15
TQBR,2025-04-16,Àסענא אמ,ASTR,21823,291873828.75,405.0,397.0,407.8,407.0,402.15,405.25,725780,401.9,401.9,,212083720.45,212083720.45,,0,3,SUR,0.06,2025-04-16
TQBR,2025-04-17,Àסענא אמ,ASTR,29770,558988609.05,405.25,399.0,407.45,402.55,402.2,404.2,1389866,402.0,402.0,,320498769.8,320498769.8,,0,3,SUR,-0.26,2025-04-17
TQBR,2025-04-18,Àסענא אמ,ASTR,42436,902859067.35,402.85,391.25,402.85,398.5,397.4,400.0,2271988,396.95,396.95,,781326739.45,781326739.45,,0,3,SUR,-1.04,2025-04-18
TQBR,2025-04-21,Àסענא אמ,ASTR,10593,162332353.55,401.5,398.65,405.0,401.4,402.05,401.05,403782,402.0,402.0,,104707711.4,104707711.4,,0,3,SUR,0.26,2025-04-21
TQBR,2025-04-22,Àסענא אמ,ASTR,80823,2100680073.05,401.1,400.5,424.45,418.65,418.45,418.95,5020245,419.25,419.25,,1509149231.2,1509149231.2,,0,3,SUR,4.46,2025-04-22
TQBR,2025-04-23,Àסענא אמ,ASTR,14202,286295924.5,419.0,407.0,420.05,412.3,412.7,414.4,693744,411.25,411.25,,164923383.4,164923383.4,,0,3,SUR,-1.09,2025-04-23
TQBR,2025-04-24,Àסענא אמ,ASTR,8859,113002663.55,414.0,410.35,417.75,412.0,413.75,413.15,273103,413.5,413.5,,75095264.05,75095264.05,,0,3,SUR,-0.3,2025-04-24
TQBR,2025-04-25,Àסענא אמ,ASTR,8621,125198504.45,413.15,410.5,415.75,413.2,413.45,413.15,302803,413.4,413.4,,93676002.8,93676002.8,,0,3,SUR,0.0,2025-04-25
TQBR,2025-04-28,Àסענא אמ,ASTR,15722,193611226.8,413.2,409.15,417.5,411.8,413.35,410.45,468423,412.5,412.5,,91089792.95,91089792.95,,0,3,SUR,-0.65,2025-04-28
TQBR,2025-04-29,Àסענא אמ,ASTR,15479,181087137.95,409.9,400.0,410.45,403.8,404.95,401.9,447161,405.6,405.6,,112409314.35,112409314.35,,0,3,SUR,-2.08,2025-04-29
TQBR,2025-04-30,Àסענא אמ,ASTR,21111,161889027.6,401.9,396.4,402.85,397.9,399.1,397.9,405621,399.3,399.3,,111302465.5,111302465.5,,0,3,SUR,-1.0,2025-04-30
TQBR,2025-05-02,Àסענא אמ,ASTR,10150,108996002.9,395.8,392.95,398.15,393.3,394.05,393.45,276616,393.9,393.9,,52173013.1,52173013.1,,0,3,SUR,-1.12,2025-05-02
TQBR,2025-05-05,Àסענא אמ,ASTR,19521,157794395.45,393.05,385.0,395.95,385.0,389.75,386.8,404879,389.0,389.0,,107687546.1,107687546.1,,0,3,SUR,-1.69,2025-05-05
TQBR,2025-05-06,Àסענא אמ,ASTR,13776,99232795.65,387.6,385.3,394.7,391.6,390.5,390.3,254131,390.4,390.4,,69126498.65,69126498.65,,0,3,SUR,0.9,2025-05-06
TQBR,2025-05-07,Àסענא אמ,ASTR,11883,94291778.0,390.4,388.3,398.0,396.8,393.7,395.15,239503,393.45,393.45,,75144576.5,75144576.5,,0,3,SUR,1.24,2025-05-07
TQBR,2025-05-08,Àסענא אמ,ASTR,6527,106467314.75,395.15,391.4,399.4,392.85,395.55,392.15,269150,395.15,395.15,,47895417.75,47895417.75,,0,3,SUR,-0.76,2025-05-08
TQBR,2025-05-12,Àסענא אמ,ASTR,15620,130845634.65,392.15,392.15,402.65,400.6,397.75,401.35,328957,397.65,397.65,,82370860.35,82370860.35,,0,3,SUR,2.35,2025-05-12
TQBR,2025-05-13,Àסענא אמ,ASTR,12161,98629445.25,402.0,397.0,404.85,401.2,400.6,398.7,246192,400.4,400.4,,79175531.4,79175531.4,,0,3,SUR,-0.66,2025-05-13
TQBR,2025-05-14,Àסענא אמ,ASTR,9410,85156056.05,397.85,392.55,402.0,399.85,398.05,393.3,213931,399.75,399.75,,44282648.6,44282648.6,,0,3,SUR,-1.35,2025-05-14
TQBR,2025-05-15,Àסענא אמ,ASTR,9893,82545910.15,393.5,392.6,398.6,393.95,394.85,394.0,209058,395.0,395.0,,61072761.5,61072761.5,,0,3,SUR,0.18,2025-05-15
TQBR,2025-05-16,Àסענא אמ,ASTR,8263,76980137.55,394.75,390.5,397.5,394.1,393.85,393.65,195465,393.85,393.85,,65016833.7,65016833.7,,0,3,SUR,-0.09,2025-05-16
TQBR,2025-05-19,Àסענא אמ,ASTR,13236,117832223.35,397.4,390.0,400.15,396.55,395.75,394.0,297760,396.1,396.1,,47416831.2,47416831.2,,0,3,SUR,0.09,2025-05-19
TQBR,2025-05-20,Àסענא אמ,ASTR,7254,66977251.0,394.0,389.05,394.5,389.7,391.2,389.4,171210,391.35,391.35,,49588864.95,49588864.95,,0,3,SUR,-1.17,2025-05-20
TQBR,2025-05-21,Àסענא אמ,ASTR,7921,68047584.8,389.4,385.9,390.4,386.25,388.15,386.15,175323,388.35,388.35,,54825902.75,54825902.75,,0,3,SUR,-0.83,2025-05-21
TQBR,2025-05-22,Àסענא אמ,ASTR,13073,110556342.45,386.15,380.65,389.0,387.3,383.7,383.75,288148,383.85,383.85,,72713982.45,72713982.45,,0,3,SUR,-0.62,2025-05-22
TQBR,2025-05-23,Àסענא אמ,ASTR,7753,61385908.35,383.8,380.6,385.95,384.0,384.05,383.75,159834,384.3,384.3,,45979505.9,45979505.9,,0,3,SUR,0.0,2025-05-23
TQBR,2025-05-26,Àסענא אמ,ASTR,14868,181547449.35,383.7,371.05,383.7,376.0,375.8,374.5,483100,376.85,376.85,,104239506.55,104239506.55,,0,3,SUR,-2.41,2025-05-26
TQBR,2025-05-27,Àסענא אמ,ASTR,14158,181436253.15,375.0,365.3,376.95,371.9,371.6,370.8,488245,373.45,373.45,,88028087.8,88028087.8,,0,3,SUR,-0.99,2025-05-27
TQBR,2025-05-28,Àסענא אמ,ASTR,14977,183318735.95,370.85,370.4,383.75,379.15,377.15,383.75,486090,376.8,376.8,,136815154.4,136815154.4,,0,3,SUR,3.49,2025-05-28
TQBR,2025-05-29,Àסענא אמ,ASTR,15081,279073219.25,386.3,381.8,396.65,392.7,391.85,391.55,712192,392.4,392.4,,204304247.05,204304247.05,,0,3,SUR,2.03,2025-05-29
TQBR,2025-05-30,Àסענא אמ,ASTR,9783,97782645.95,391.15,387.55,395.7,392.0,391.95,395.0,249534,391.6,391.6,,66777693.5,66777693.5,,0,3,SUR,0.88,2025-05-30
TQBR,2025-06-02,Àסענא אמ,ASTR,14427,147437071.25,394.0,384.55,395.85,391.0,389.7,390.8,378338,389.55,389.55,,80189975.15,80189975.15,,0,3,SUR,-1.06,2025-06-02
TQBR,2025-06-03,Àסענא אמ,ASTR,16684,127789687.2,391.15,387.85,393.9,389.6,390.8,390.4,326979,390.7,390.7,,88807561.55,88807561.55,,0,3,SUR,-0.1,2025-06-03
TQBR,2025-06-04,Àסענא אמ,ASTR,32741,440803448.6,391.55,390.0,402.5,399.25,399.05,398.15,1104582,399.4,399.4,,376400993.3,376400993.3,,0,3,SUR,1.99,2025-06-04
TQBR,2025-06-05,Àסענא אמ,ASTR,20350,270361327.5,398.2,398.2,409.45,408.6,406.3,407.7,665441,406.85,406.85,,193168999.5,193168999.5,,0,3,SUR,2.4,2025-06-05
TQBR,2025-06-06,Àסענא אמ,ASTR,21101,329575761.35,408.05,393.0,411.85,397.95,405.2,393.45,813317,406.4,406.4,,264347908.75,264347908.75,,0,3,SUR,-3.5,2025-06-06
TQBR,2025-06-09,Àסענא אמ,ASTR,14769,204684463.35,393.45,392.0,400.45,396.1,395.95,397.95,517072,395.6,395.6,,147794087.95,147794087.95,,0,3,SUR,1.14,2025-06-09
TQBR,2025-06-10,Àסענא אמ,ASTR,8001,98568970.9,399.75,390.2,402.85,391.35,395.55,391.5,249189,395.15,395.15,,71746124.45,71746124.45,,0,3,SUR,-1.62,2025-06-10
TQBR,2025-06-11,Àסענא אמ,ASTR,4941,47103242.5,391.75,390.15,394.05,392.9,392.1,391.25,120129,392.35,392.35,,33378852.1,33378852.1,,0,3,SUR,-0.06,2025-06-11
TQBR,2025-06-13,Àסענא אמ,ASTR,4333,28569116.65,392.4,390.0,395.3,390.7,391.5,390.1,72974,391.05,391.05,,13244383.7,13244383.7,,0,3,SUR,-0.29,2025-06-13
TQBR,2025-06-16,Àסענא אמ,ASTR,9881,74872541.9,390.0,385.0,392.25,387.0,388.3,386.0,192831,388.3,388.3,,39857887.75,39857887.75,,0,3,SUR,-1.05,2025-06-16
TQBR,2025-06-17,Àסענא אמ,ASTR,8578,67675926.1,385.85,385.6,395.35,393.65,391.5,394.05,172865,391.4,391.4,,55090502.15,55090502.15,,0,3,SUR,2.09,2025-06-17
TQBR,2025-06-18,Àסענא אמ,ASTR,11828,156212638.5,396.9,393.25,403.4,398.0,399.5,399.3,391016,399.75,399.75,,125580330.45,125580330.45,,0,3,SUR,1.33,2025-06-18
TQBR,2025-06-19,Àסענא אמ,ASTR,11353,133041806.5,401.15,390.0,401.9,395.95,395.2,391.9,336656,395.15,395.15,,118058083.7,118058083.7,,0,3,SUR,-1.85,2025-06-19
TQBR,2025-06-20,Àסענא אמ,ASTR,7968,102695308.85,393.75,386.9,399.5,389.95,392.9,388.4,261389,391.05,391.05,,57280167.75,57280167.75,,0,3,SUR,-0.89,2025-06-20
TQBR,2025-06-23,Àסענא אמ,ASTR,6884,78194027.7,389.0,383.75,390.4,386.65,386.9,387.2,202107,387.4,387.4,,37241224.05,37241224.05,,0,3,SUR,-0.31,2025-06-23
TQBR,2025-06-24,Àסענא אמ,ASTR,14697,310689557.75,386.65,378.95,397.0,384.7,390.4,396.8,795855,382.35,382.35,,75890646.65,75890646.65,,0,3,SUR,2.48,2025-06-24
TQBR,2025-06-25,Àסענא אמ,ASTR,28841,665406624.25,398.3,391.5,404.7,401.45,399.4,400.7,1666088,399.1,399.1,,492650183.05,492650183.05,,0,3,SUR,0.98,2025-06-25
TQBR,2025-06-26,Àסענא אמ,ASTR,10312,228431403.8,401.2,392.4,403.9,397.35,398.7,393.65,572915,399.85,399.85,,128320236.3,128320236.3,,0,3,SUR,-1.76,2025-06-26
TQBR,2025-06-27,Àסענא אמ,ASTR,17221,225227615.95,395.0,387.0,395.0,388.75,390.1,391.0,577375,389.25,389.25,,128801100.75,128801100.75,,0,3,SUR,-0.67,2025-06-27
TQBR,2025-06-30,Àסענא אמ,ASTR,13821,168417283.9,392.45,388.1,395.9,392.45,392.9,394.4,428627,393.1,393.1,,92067247.25,92067247.25,,0,3,SUR,0.87,2025-06-30
TQBR,2025-07-01,Àסענא אמ,ASTR,25752,341723391.2,394.2,392.4,402.9,395.8,398.4,393.4,857735,399.15,399.15,,276776441.4,276776441.4,,0,3,SUR,-0.25,2025-07-01
TQBR,2025-07-02,Àסענא אמ,ASTR,11703,274631561.0,393.45,393.45,404.35,395.4,399.35,396.15,687737,399.9,399.9,,230632111.4,230632111.4,,0,3,SUR,0.7,2025-07-02
TQBR,2025-07-03,Àסענא אמ,ASTR,22605,535911640.05,399.1,396.3,408.25,405.0,403.7,402.65,1327514,403.85,403.85,,361242064.35,361242064.35,,0,3,SUR,1.64,2025-07-03
TQBR,2025-07-04,Àסענא אמ,ASTR,8234,110431587.6,401.95,396.75,403.0,399.0,399.4,398.45,276504,399.65,399.65,,71399921.1,71399921.1,,0,3,SUR,-1.04,2025-07-04
TQBR,2025-07-07,Àסענא אמ,ASTR,9560,89613727.95,398.4,390.55,398.95,391.2,394.05,391.1,227422,393.25,393.25,,57311832.25,57311832.25,,0,3,SUR,-1.84,2025-07-07
TQBR,2025-07-08,Àסענא אמ,ASTR,9347,163143748.35,390.0,385.4,397.35,394.4,390.8,389.55,417475,391.25,391.25,,99686221.65,99686221.65,,0,3,SUR,-0.4,2025-07-08
TQBR,2025-07-09,Àסענא אמ,ASTR,8502,148733471.5,389.55,380.9,392.45,385.5,384.3,385.5,387046,383.85,383.85,,126293574.6,126293574.6,,0,3,SUR,-1.04,2025-07-09
TQBR,2025-07-10,Àסענא אמ,ASTR,9195,126317999.95,385.0,377.1,387.45,379.0,381.5,379.0,331124,381.5,381.5,,126317999.95,126317999.95,,0,3,SUR,-1.69,2025-07-10
TQBR,2025-07-11,Àסענא אמ,ASTR,14658,178804094.4,378.0,367.0,379.0,367.25,371.35,368.4,481528,370.85,370.85,,130868268.8,130868268.8,,0,3,SUR,-2.8,2025-07-11
TQBR,2025-07-14,Àסענא אמ,ASTR,15695,186389346.55,368.0,365.3,382.9,372.8,371.55,382.1,501675,368.55,368.55,,81623165.95,81623165.95,,0,3,SUR,3.72,2025-07-14
TQBR,2025-07-15,Àסענא אמ,ASTR,12032,186522885.05,382.0,375.4,385.9,378.25,379.05,376.05,492066,378.35,378.35,,136768494.1,136768494.1,,0,3,SUR,-1.58,2025-07-15
TQBR,2025-07-16,Àסענא אמ,ASTR,7773,121801930.15,377.55,376.0,381.8,377.6,378.55,377.4,321757,378.0,378.0,,61419843.55,61419843.55,,0,3,SUR,0.36,2025-07-16
TQBR,2025-07-17,Àסענא אמ,ASTR,9393,142573881.3,377.45,376.5,384.35,380.05,380.3,378.5,374893,380.75,380.75,,101640090.35,101640090.35,,0,3,SUR,0.29,2025-07-17
TQBR,2025-07-18,Àסענא אמ,ASTR,7983,116861107.45,378.75,378.35,385.4,382.8,382.55,383.1,305488,382.65,382.65,,90637812.45,90637812.45,,0,3,SUR,1.22,2025-07-18
TQBR,2025-07-21,Àסענא אמ,ASTR,14188,148388339.55,386.15,381.55,390.2,387.0,386.55,387.4,383858,386.1,386.1,,68365203.1,68365203.1,,0,3,SUR,1.12,2025-07-21
TQBR,2025-07-22,Àסענא אמ,ASTR,9397,133636796.05,387.4,383.45,393.0,390.25,388.65,387.7,343850,388.9,388.9,,91508480.5,91508480.5,,0,3,SUR,0.08,2025-07-22
TQBR,2025-07-23,Àסענא אמ,ASTR,12727,185007487.75,387.7,387.7,396.65,390.8,393.05,391.35,470716,393.4,393.4,,141289739.15,141289739.15,,0,3,SUR,0.94,2025-07-23
TQBR,2025-07-24,Àסענא אמ,ASTR,44626,1239931403.55,391.35,389.25,415.4,394.7,405.0,411.1,3061508,397.05,397.05,,326575411.05,326575411.05,,0,3,SUR,5.05,2025-07-24
TQBR,2025-07-25,Àסענא אמ,ASTR,53840,1657086751.9,411.8,394.9,416.9,398.15,407.2,402.0,4069284,407.55,407.55,,1195211397.65,1195211397.65,,0,3,SUR,-2.21,2025-07-25
TQBR,2025-07-28,Àסענא אמ,ASTR,28223,741696640.05,402.55,387.1,408.55,392.8,397.7,392.0,1864946,399.4,399.4,,508951496.65,508951496.65,,0,3,SUR,-2.49,2025-07-28
TQBR,2025-07-29,Àסענא אמ,ASTR,19946,506783129.55,392.55,389.5,407.85,400.05,401.05,406.15,1263566,397.7,397.7,,253946825.3,253946825.3,,0,3,SUR,3.61,2025-07-29
TQBR,2025-07-30,Àסענא אמ,ASTR,12319,312650215.05,405.95,397.45,412.1,404.15,406.1,398.1,769882,407.05,407.05,,257824936.2,257824936.2,,0,3,SUR,-1.98,2025-07-30
TQBR,2025-07-31,Àסענא אמ,ASTR,8994,167858821.75,400.05,398.1,407.05,404.4,403.6,405.7,415881,403.4,403.4,,104381799.8,104381799.8,,0,3,SUR,1.91,2025-07-31
TQBR,2025-08-01,Àסענא אמ,ASTR,10191,242844385.0,407.15,400.95,408.55,405.3,405.0,401.55,599587,405.5,405.5,,172925072.5,172925072.5,,0,3,SUR,-1.02,2025-08-01
TQBR,2025-08-04,Àסענא אמ,ASTR,7989,81352188.35,401.5,398.45,403.15,400.95,400.95,400.45,202907,401.0,401.0,,53296853.6,53296853.6,,0,3,SUR,-0.27,2025-08-04
TQBR,2025-08-05,Àסענא אמ,ASTR,7292,107341528.4,401.0,396.0,402.8,401.4,400.05,398.4,268329,401.4,401.4,,54239397.65,54239397.65,,0,3,SUR,-0.51,2025-08-05
TQBR,2025-08-06,Àסענא אמ,ASTR,14669,324048020.25,398.8,395.25,406.3,397.0,399.65,401.4,810818,397.5,397.5,,135828171.15,135828171.15,,0,3,SUR,0.75,2025-08-06
TQBR,2025-08-07,Àסענא אמ,ASTR,15814,391933601.25,401.4,399.0,408.4,400.6,403.8,401.7,970584,404.55,404.55,,303132322.45,303132322.45,,0,3,SUR,0.07,2025-08-07
TQBR,2025-08-08,Àסענא אמ,ASTR,13597,336299010.05,403.8,402.95,412.45,411.5,408.05,405.45,824186,409.0,409.0,,210833586.6,210833586.6,,0,3,SUR,0.93,2025-08-08
TQBR,2025-08-11,Àסענא אמ,ASTR,17816,370036985.8,406.3,399.4,410.0,404.5,405.65,405.0,912257,405.4,405.4,,143651414.15,143651414.15,,0,3,SUR,-0.11,2025-08-11
TQBR,2025-08-12,Àסענא אמ,ASTR,33534,850169148.2,405.6,402.45,418.9,411.25,412.25,415.6,2062153,411.95,411.95,,696446687.9,696446687.9,,0,3,SUR,2.62,2025-08-12
TQBR,2025-08-13,Àסענא אמ,ASTR,13020,256057006.9,416.2,410.2,417.7,415.6,414.05,410.2,618448,413.7,413.7,,168145281.5,168145281.5,,0,3,SUR,-1.3,2025-08-13
TQBR,2025-08-14,Àסענא אמ,ASTR,13489,204542793.9,410.25,405.85,416.0,414.5,412.2,411.5,496204,412.7,412.7,,131661134.25,131661134.25,,0,3,SUR,0.32,2025-08-14
TQBR,2025-08-15,Àסענא אמ,ASTR,7970,154686474.45,412.85,407.85,414.35,409.45,410.45,409.05,376904,410.75,410.75,,98982318.65,98982318.65,,0,3,SUR,-0.6,2025-08-15
TQBR,2025-08-18,Àסענא אמ,ASTR,11759,204196025.15,409.05,400.1,412.9,409.2,408.65,409.9,499672,409.95,409.95,,96140148.9,96140148.9,,0,3,SUR,0.21,2025-08-18
TQBR,2025-08-19,Àסענא אמ,ASTR,15892,478936351.55,409.9,409.9,421.7,419.0,417.35,420.35,1147592,417.05,417.05,,270553992.1,270553992.1,,0,3,SUR,2.55,2025-08-19
TQBR,2025-08-20,Àסענא אמ,ASTR,9740,213422715.2,420.35,415.0,423.0,416.75,419.1,415.35,509216,419.25,419.25,,138503158.4,138503158.4,,0,3,SUR,-1.19,2025-08-20
TQBR,2025-08-21,Àסענא אמ,ASTR,7123,165432459.05,415.35,410.05,419.35,415.5,415.1,413.0,398559,415.7,415.7,,113227649.4,113227649.4,,0,3,SUR,-0.57,2025-08-21
TQBR,2025-08-22,Àסענא אמ,ASTR,11432,267348288.85,413.0,402.9,415.4,410.4,407.75,409.45,655695,407.25,407.25,,236694734.05,236694734.05,,0,3,SUR,-0.86,2025-08-22
TQBR,2025-08-25,Àסענא אמ,ASTR,10820,154362433.65,409.25,401.1,411.0,403.5,405.35,404.85,380806,404.7,404.7,,105886846.65,105886846.65,,0,3,SUR,-1.12,2025-08-25
TQBR,2025-08-26,Àסענא אמ,ASTR,8351,153357658.2,405.15,397.05,408.4,400.25,402.1,398.85,381384,402.25,402.25,,126638682.15,126638682.15,,0,3,SUR,-1.48,2025-08-26
TQBR,2025-08-27,Àסענא אמ,ASTR,9224,159255548.9,398.9,398.75,403.45,402.5,401.0,400.85,397141,401.0,401.0,,115136169.75,115136169.75,,0,3,SUR,0.5,2025-08-27
TQBR,2025-08-28,Àסענא אמ,ASTR,26002,525182094.3,400.85,396.8,408.9,400.3,403.05,400.05,1303052,404.1,404.1,,381717179.45,381717179.45,,0,3,SUR,-0.2,2025-08-28
TQBR,2025-08-29,Àסענא אמ,ASTR,8851,122817780.05,400.45,397.25,402.35,399.6,399.15,397.8,307685,399.0,399.0,,85583979.1,85583979.1,,0,3,SUR,-0.56,2025-08-29
TQBR,2025-09-01,Àסענא אמ,ASTR,13302,215985940.15,397.9,387.45,399.85,389.0,393.4,387.9,549039,393.85,393.85,,146724679.45,146724679.45,,0,3,SUR,-2.49,2025-09-01
TQBR,2025-09-02,Àסענא אמ,ASTR,9534,121147809.8,388.7,386.6,390.0,387.2,388.4,389.45,311931,388.3,388.3,,92631706.2,92631706.2,,0,3,SUR,0.4,2025-09-02
TQBR,2025-09-03,Àסענא אמ,ASTR,9604,94200265.85,389.4,384.4,392.15,385.0,388.05,389.65,242740,387.35,387.35,,59285399.4,59285399.4,,0,3,SUR,0.05,2025-09-03
TQBR,2025-09-04,Àסענא אמ,ASTR,6778,57784648.75,389.0,384.5,390.1,387.4,387.5,387.5,149125,387.25,387.25,,43601011.55,43601011.55,,0,3,SUR,-0.55,2025-09-04
TQBR,2025-09-05,Àסענא אמ,ASTR,4368,47777835.35,387.45,387.15,390.0,388.5,388.65,387.75,122936,388.85,388.85,,29636519.25,29636519.25,,0,3,SUR,0.06,2025-09-05
TQBR,2025-09-08,Àסענא אמ,ASTR,6634,69924157.8,387.75,387.0,391.9,388.4,389.2,389.4,179669,389.7,389.7,,34786381.3,34786381.3,,0,3,SUR,0.43,2025-09-08
TQBR,2025-09-09,Àסענא אמ,ASTR,7581,123854653.6,388.8,388.8,393.75,390.6,391.8,392.45,316116,391.4,391.4,,59045348.05,59045348.05,,0,3,SUR,0.78,2025-09-09
TQBR,2025-09-10,Àסענא אמ,ASTR,15019,421792656.1,392.4,391.6,403.2,400.5,398.9,398.8,1057430,399.5,399.5,,320911875.95,320911875.95,,0,3,SUR,1.62,2025-09-10
TQBR,2025-09-11,Àסענא אמ,ASTR,5410,106500698.35,398.8,395.1,401.3,396.8,397.6,396.05,267875,397.5,397.5,,78107327.2,78107327.2,,0,3,SUR,-0.69,2025-09-11
TQBR,2025-09-12,Àסענא אמ,ASTR,14055,146122375.4,396.85,380.55,397.0,383.8,386.95,382.65,377633,387.35,387.35,,124698524.65,124698524.65,,0,3,SUR,-3.38,2025-09-12
TQBR,2025-09-15,Àסענא אמ,ASTR,14637,121063242.95,382.8,377.1,385.4,378.7,380.65,379.85,318026,380.0,380.0,,88751429.3,88751429.3,,0,3,SUR,-0.73,2025-09-15
TQBR,2025-09-16,Àסענא אמ,ASTR,10204,133231570.25,379.85,372.5,382.5,376.4,376.7,376.0,353682,376.35,376.35,,114854327.6,114854327.6,,0,3,SUR,-1.01,2025-09-16
TQBR,2025-09-17,Àסענא אמ,ASTR,6728,93415125.4,376.0,375.9,380.9,378.2,378.45,379.7,246820,378.25,378.25,,64771293.1,64771293.1,,0,3,SUR,0.98,2025-09-17
TQBR,2025-09-18,Àסענא אמ,ASTR,23998,324744519.35,380.7,368.65,381.9,368.65,372.05,369.4,872885,372.05,372.05,,286789770.4,286789770.4,,0,3,SUR,-2.71,2025-09-18
TQBR,2025-09-19,Àסענא אמ,ASTR,32548,783425032.65,369.45,348.55,372.0,353.0,355.15,351.8,2205485,355.2,355.2,,680397022.1,680397022.1,,0,3,SUR,-4.76,2025-09-19
TQBR,2025-09-22,Àסענא אמ,ASTR,24281,505295616.75,354.25,351.8,359.3,355.55,355.7,355.7,1420644,355.15,355.15,,331268272.35,331268272.35,,0,3,SUR,1.11,2025-09-22
TQBR,2025-09-23,Àסענא אמ,ASTR,20376,366143749.5,357.0,342.2,358.8,351.45,350.55,343.15,1044525,351.7,351.7,,234251159.95,234251159.95,,0,3,SUR,-3.53,2025-09-23
TQBR,2025-09-24,Àסענא אמ,ASTR,17936,443085328.4,344.0,334.25,349.4,341.1,341.1,342.9,1299035,341.85,341.85,,304831611.9,304831611.9,,0,3,SUR,-0.07,2025-09-24
TQBR,2025-09-25,Àסענא אמ,ASTR,7912,145803891.1,342.9,336.5,347.95,337.8,340.15,336.95,428633,339.85,339.85,,93700796.4,93700796.4,,0,3,SUR,-1.74,2025-09-25
TQBR,2025-09-26,Àסענא אמ,ASTR,11899,297299591.15,337.95,332.0,338.0,335.5,334.55,334.7,888665,334.35,334.35,,227272659.1,227272659.1,,0,3,SUR,-0.67,2025-09-26
TQBR,2025-09-29,Àסענא אמ,ASTR,59958,1265870998.15,335.2,305.55,336.7,317.0,317.0,306.55,3993221,323.7,323.7,,451197324.1,451197324.1,,0,3,SUR,-8.41,2025-09-29
TQBR,2025-09-30,Àסענא אמ,ASTR,36473,974880411.4,305.2,303.65,312.85,306.95,308.45,309.15,3163735,307.35,307.35,,613652917.7,613652917.7,,0,3,SUR,0.85,2025-09-30
TQBR,2025-10-01,Àסענא אמ,ASTR,23770,632261962.15,309.15,292.2,311.4,295.1,300.85,294.5,2101469,301.75,301.75,,490840890.05,490840890.05,,0,3,SUR,-4.74,2025-10-01
TQBR,2025-10-02,Àסענא אמ,ASTR,18048,481159031.65,294.6,285.75,296.8,294.6,290.45,289.2,1656636,290.75,290.75,,277229017.8,277229017.8,,0,3,SUR,-1.8,2025-10-02
TQBR,2025-10-03,Àסענא אמ,ASTR,19305,650198726.05,290.3,288.1,299.1,291.8,294.15,290.95,2210523,294.8,294.8,,506302446.45,506302446.45,,0,3,SUR,0.61,2025-10-03
TQBR,2025-10-06,Àסענא אמ,ASTR,26597,500627527.2,291.4,287.0,295.95,291.8,292.1,292.45,1713774,292.55,292.55,,250586582.95,250586582.95,,0,3,SUR,0.52,2025-10-06
TQBR,2025-10-07,Àסענא אמ,ASTR,17732,450822510.05,292.45,291.0,301.35,293.6,296.55,294.35,1520134,296.05,296.05,,277820476.05,277820476.05,,0,3,SUR,0.65,2025-10-07
TQBR,2025-10-08,Àסענא אמ,ASTR,27523,772054175.25,294.8,275.2,296.95,277.75,283.85,276.95,2719937,284.85,284.85,,529677086.85,529677086.85,,0,3,SUR,-5.91,2025-10-08
TQBR,2025-10-09,Àסענא אמ,ASTR,33993,878575359.9,277.0,257.5,279.1,273.85,269.6,269.5,3258738,268.55,268.55,,696004163.2,696004163.2,,0,3,SUR,-2.69,2025-10-09
TQBR,2025-10-10,Àסענא אמ,ASTR,14939,300288750.4,270.85,263.15,274.55,266.5,269.05,264.6,1115699,269.65,269.65,,209657090.5,209657090.5,,0,3,SUR,-1.82,2025-10-10
TQBR,2025-10-13,Àסענא אמ,ASTR,37742,1117811101.1,264.6,261.55,281.3,277.0,273.85,275.75,4081884,274.0,274.0,,847450872.2,847450872.2,,0,3,SUR,4.21,2025-10-13
TQBR,2025-10-14,Àסענא אמ,ASTR,14181,361617859.0,276.0,269.5,277.7,273.2,273.05,273.45,1324479,272.6,272.6,,266427928.3,266427928.3,,0,3,SUR,-0.83,2025-10-14
TQBR,2025-10-15,Àסענא אמ,ASTR,7077,150243587.55,273.9,270.4,276.5,273.5,272.75,272.6,550886,272.5,272.5,,111570335.9,111570335.9,,0,3,SUR,-0.31,2025-10-15
TQBR,2025-10-16,Àסענא אמ,ASTR,15217,381587704.3,273.0,271.0,292.0,277.65,280.4,291.65,1360838,275.35,275.35,,137643657.2,137643657.2,,0,3,SUR,6.99,2025-10-16
TQBR,2025-10-17,Àסענא אמ,ASTR,17120,328237274.2,293.6,283.75,296.65,292.3,290.95,289.45,1128068,291.1,291.1,,189455514.8,189455514.8,,0,3,SUR,-0.75,2025-10-17
TQBR,2025-10-20,Àסענא אמ,ASTR,24291,594810651.15,290.0,289.7,304.35,297.6,299.15,297.05,1988192,300.55,300.55,,288049422.2,288049422.2,,0,3,SUR,2.63,2025-10-20
TQBR,2025-10-21,Àסענא אמ,ASTR,42858,1546709712.65,296.1,287.1,313.1,299.8,303.3,302.05,5099514,304.5,304.5,,1227291872.35,1227291872.35,,0,3,SUR,1.68,2025-10-21
TQBR,2025-10-22,Àסענא אמ,ASTR,49588,1686207197.65,302.5,296.5,313.85,306.75,305.9,303.2,5512156,307.2,307.2,,1159471940.15,1159471940.15,,0,3,SUR,0.38,2025-10-22
TQBR,2025-10-23,Àסענא אמ,ASTR,38091,1400354462.85,300.0,295.15,314.15,304.2,306.9,309.0,4561195,306.25,306.25,,587531963.9,587531963.9,,0,3,SUR,1.91,2025-10-23
TQBR,2025-10-24,Àסענא אמ,ASTR,13478,488082589.4,309.95,301.0,311.95,303.05,305.0,302.25,1600176,304.3,304.3,,313612046.7,313612046.7,,0,3,SUR,-2.18,2025-10-24
TQBR,2025-10-27,Àסענא אמ,ASTR,23008,548860296.65,303.0,277.5,304.0,288.3,292.25,280.5,1877953,294.0,294.0,,377163648.1,377163648.1,,0,3,SUR,-7.2,2025-10-27
TQBR,2025-10-28,Àסענא אמ,ASTR,14259,336006540.15,280.0,275.7,287.9,282.5,283.0,282.05,1187238,284.3,284.3,,214225100.1,214225100.1,,0,3,SUR,0.55,2025-10-28
TQBR,2025-10-29,Àסענא אמ,ASTR,11899,357462238.4,282.55,282.5,290.0,287.75,287.0,286.7,1245447,287.2,287.2,,285259251.8,285259251.8,,0,3,SUR,1.65,2025-10-29
TQBR,2025-10-30,Àסענא אמ,ASTR,9358,228472720.7,287.2,285.25,291.45,287.0,288.8,288.5,791125,289.15,289.15,,164481936.4,164481936.4,,0,3,SUR,0.63,2025-10-30
